event_name,avg_hour_of_day,avg_day_of_week,avg_day_of_month,April,August,December,February,January,July,June,March,May,November,October,September
10-Year_Note_Auction,17.416666666666668,Wednesday,10.333333333333334,1.0,1.0,1.0,1.0,1.0,1.0,1.0,1.0,1.0,1.0,1.0,1.0
10-Year_TIPS_Auction,17.333333333333332,Thursday,20.333333333333332,0.0,0.0,0.0,0.0,1.0,1.0,0.0,1.0,1.0,1.0,0.0,1.0
2-Year_Note_Auction,17.0,Tuesday,25.083333333333332,1.0,1.0,1.0,1.0,1.0,1.0,1.0,1.0,1.0,1.0,1.0,1.0
20-Year_Bond_Auction,17.333333333333332,Wednesday,19.166666666666668,1.0,1.0,1.0,1.0,1.0,1.0,1.0,1.0,1.0,1.0,1.0,1.0
3-Month_Bill_Auction,15.509803921568627,Monday,15.784313725490197,4.0,4.0,4.0,4.0,5.0,5.0,4.0,4.0,5.0,4.0,4.0,4.0
3-Year_Note_Auction,17.083333333333332,Tuesday,9.416666666666666,1.0,1.0,1.0,1.0,1.0,1.0,1.0,1.0,1.0,1.0,1.0,1.0
30-Year_Bond_Auction,17.416666666666668,Thursday,11.333333333333334,1.0,1.0,1.0,1.0,1.0,1.0,1.0,1.0,1.0,1.0,1.0,1.0
30-Year_TIPS_Auction,17.5,Thursday,20.0,0.0,1.0,0.0,1.0,0.0,0.0,0.0,0.0,0.0,0.0,0.0,0.0
4-Week_Bill_Auction,15.326923076923077,Thursday,15.846153846153847,4.0,5.0,4.0,4.0,4.0,4.0,5.0,5.0,4.0,5.0,4.0,4.0
5-Year_Note_Auction,17.333333333333332,Tuesday,25.916666666666668,1.0,1.0,1.0,1.0,1.0,1.0,1.0,1.0,1.0,1.0,1.0,1.0
5-Year_TIPS_Auction,17.25,Thursday,20.5,1.0,0.0,1.0,0.0,0.0,0.0,1.0,0.0,0.0,0.0,1.0,0.0
52-Week_Bill_Auction,15.76923076923077,Tuesday,17.307692307692307,1.0,1.0,1.0,1.0,1.0,1.0,1.0,1.0,1.0,1.0,2.0,1.0
6-Month_Bill_Auction,15.352941176470589,Monday,15.784313725490197,4.0,4.0,4.0,4.0,5.0,5.0,4.0,4.0,5.0,4.0,4.0,4.0
7-Year_Note_Auction,17.333333333333332,Wednesday,27.0,1.0,1.0,1.0,1.0,1.0,1.0,1.0,1.0,1.0,1.0,1.0,1.0
8-Week_Bill_Auction,15.326923076923077,Thursday,15.846153846153847,4.0,5.0,4.0,4.0,4.0,4.0,5.0,5.0,4.0,5.0,4.0,4.0
ADP_Nonfarm_Employment_Change,12.333333333333334,Wednesday,6.0,1.0,2.0,1.0,1.0,1.0,1.0,1.0,1.0,1.0,1.0,1.0,0.0
All_Car_Sales,13.090909090909092,Wednesday,3.3636363636363638,1.0,1.0,0.0,1.0,1.0,1.0,1.0,1.0,1.0,1.0,1.0,1.0
All_Truck_Sales,13.090909090909092,Wednesday,3.3636363636363638,1.0,1.0,0.0,1.0,1.0,1.0,1.0,1.0,1.0,1.0,1.0,1.0
API_Weekly_Crude_Oil_Stock,20.365384615384617,Tuesday,16.326923076923077,4.0,5.0,4.0,4.0,5.0,4.0,4.0,4.0,5.0,4.0,5.0,4.0
Atlanta_Fed_GDPNow,16.357142857142858,Thursday,14.0,0.0,0.0,6.0,0.0,0.0,0.0,0.0,0.0,0.0,7.0,1.0,0.0
Average_Hourly_Earnings_MoM,12.333333333333334,Friday,5.083333333333333,1.0,1.0,1.0,1.0,1.0,1.0,1.0,1.0,1.0,1.0,1.0,1.0
Average_Hourly_Earnings_YoY_YoY,12.333333333333334,Friday,5.083333333333333,1.0,1.0,1.0,1.0,1.0,1.0,1.0,1.0,1.0,1.0,1.0,1.0
Average_Weekly_Hours,12.333333333333334,Friday,5.083333333333333,1.0,1.0,1.0,1.0,1.0,1.0,1.0,1.0,1.0,1.0,1.0,1.0
Beige_Book,18.375,Wednesday,17.625,1.0,0.0,0.0,0.0,1.0,1.0,0.0,1.0,1.0,1.0,1.0,1.0
Building_Permits,12.125,Wednesday,21.291666666666668,2.0,2.0,2.0,2.0,2.0,2.0,2.0,2.0,2.0,2.0,2.0,2.0
Building_Permits_MoM,12.125,Wednesday,21.291666666666668,2.0,2.0,2.0,2.0,2.0,2.0,2.0,2.0,2.0,2.0,2.0,2.0
Business_Inventories_MoM,14.333333333333334,Wednesday,15.5,1.0,1.0,1.0,1.0,1.0,1.0,1.0,1.0,1.0,1.0,1.0,1.0
Capacity_Utilization_Rate,13.333333333333334,Thursday,16.0,1.0,1.0,1.0,1.0,1.0,1.0,1.0,1.0,1.0,1.0,1.0,1.0
CB_Consumer_Confidence,14.333333333333334,Tuesday,27.333333333333332,1.0,1.0,1.0,1.0,1.0,1.0,1.0,1.0,1.0,1.0,1.0,1.0
CB_Employment_Trends_Index,14.333333333333334,Monday,8.25,1.0,1.0,1.0,1.0,1.0,1.0,1.0,1.0,1.0,1.0,1.0,1.0
CFTC_Aluminium_speculative_net_positions,20.0,Friday,16.102040816326532,4.0,4.0,5.0,1.0,4.0,4.0,5.0,5.0,4.0,4.0,4.0,5.0
CFTC_Copper_speculative_net_positions,20.0,Friday,16.102040816326532,4.0,4.0,5.0,1.0,4.0,4.0,5.0,5.0,4.0,4.0,4.0,5.0
CFTC_Corn_speculative_net_positions,20.0,Friday,16.102040816326532,4.0,4.0,5.0,1.0,4.0,4.0,5.0,5.0,4.0,4.0,4.0,5.0
CFTC_Crude_Oil_speculative_net_positions,20.0,Friday,16.102040816326532,4.0,4.0,5.0,1.0,4.0,4.0,5.0,5.0,4.0,4.0,4.0,5.0
CFTC_Gold_speculative_net_positions,20.0,Friday,16.102040816326532,4.0,4.0,5.0,1.0,4.0,4.0,5.0,5.0,4.0,4.0,4.0,5.0
CFTC_Nasdaq_100_speculative_net_positions,20.0,Friday,16.102040816326532,4.0,4.0,5.0,1.0,4.0,4.0,5.0,5.0,4.0,4.0,4.0,5.0
CFTC_Natural_Gas_speculative_net_positions,20.0,Friday,16.102040816326532,4.0,4.0,5.0,1.0,4.0,4.0,5.0,5.0,4.0,4.0,4.0,5.0
CFTC_Silver_speculative_net_positions,20.0,Friday,16.102040816326532,4.0,4.0,5.0,1.0,4.0,4.0,5.0,5.0,4.0,4.0,4.0,5.0
CFTC_Soybeans_speculative_net_positions,20.0,Friday,16.102040816326532,4.0,4.0,5.0,1.0,4.0,4.0,5.0,5.0,4.0,4.0,4.0,5.0
CFTC_SP_500_speculative_net_positions,20.0,Friday,16.102040816326532,4.0,4.0,5.0,1.0,4.0,4.0,5.0,5.0,4.0,4.0,4.0,5.0
CFTC_Wheat_speculative_net_positions,20.0,Friday,16.102040816326532,4.0,4.0,5.0,1.0,4.0,4.0,5.0,5.0,4.0,4.0,4.0,5.0
Challenger_Job_Cuts,11.333333333333334,Thursday,6.75,1.0,2.0,1.0,1.0,1.0,1.0,1.0,1.0,1.0,1.0,1.0,0.0
Challenger_Job_Cuts_YoY,11.333333333333334,Thursday,6.75,1.0,2.0,1.0,1.0,1.0,1.0,1.0,1.0,1.0,1.0,1.0,0.0
Chicago_Fed_National_Activity,12.363636363636363,Wednesday,23.90909090909091,1.0,1.0,1.0,1.0,1.0,1.0,1.0,1.0,1.0,1.0,0.0,1.0
Chicago_PMI,13.333333333333334,Wednesday,29.916666666666668,1.0,1.0,1.0,1.0,1.0,1.0,1.0,1.0,1.0,1.0,1.0,1.0
Cleveland_CPI_MoM,15.333333333333334,Wednesday,12.333333333333334,1.0,1.0,1.0,1.0,1.0,1.0,1.0,1.0,1.0,1.0,1.0,1.0
Construction_Spending_MoM,14.333333333333334,Wednesday,1.5833333333333333,1.0,1.0,1.0,1.0,1.0,1.0,1.0,1.0,1.0,1.0,1.0,1.0
Consumer_Credit,19.416666666666668,Wednesday,7.166666666666667,1.0,1.0,1.0,1.0,1.0,1.0,1.0,1.0,1.0,1.0,1.0,1.0
Continuing_Jobless_Claims,12.346153846153847,Thursday,15.826923076923077,4.0,5.0,4.0,4.0,4.0,4.0,5.0,5.0,4.0,5.0,4.0,4.0
Core_CPI_Index,12.333333333333334,Wednesday,12.333333333333334,1.0,1.0,1.0,1.0,1.0,1.0,1.0,1.0,1.0,1.0,1.0,1.0
Core_CPI_MoM,12.333333333333334,Wednesday,12.333333333333334,1.0,1.0,1.0,1.0,1.0,1.0,1.0,1.0,1.0,1.0,1.0,1.0
Core_CPI_YoY,12.333333333333334,Wednesday,12.333333333333334,1.0,1.0,1.0,1.0,1.0,1.0,1.0,1.0,1.0,1.0,1.0,1.0
Core_Durable_Goods_Orders_MoM,12.333333333333334,Thursday,25.333333333333332,1.0,1.0,1.0,1.0,1.0,1.0,1.0,1.0,1.0,1.0,1.0,1.0
Core_PCE_Prices,12.333333333333334,Thursday,26.75,1.0,1.0,1.0,1.0,1.0,1.0,1.0,1.0,1.0,1.0,1.0,1.0
Core_PCE_Price_Index_MoM,12.333333333333334,Friday,27.75,1.0,1.0,1.0,1.0,1.0,1.0,1.0,1.0,1.0,1.0,1.0,1.0
Core_PCE_Price_Index_YoY,12.333333333333334,Friday,27.75,1.0,1.0,1.0,1.0,1.0,1.0,1.0,1.0,1.0,1.0,1.0,1.0
Core_PPI_MoM,12.333333333333334,Thursday,13.666666666666666,1.0,1.0,1.0,1.0,1.0,1.0,1.0,1.0,1.0,1.0,1.0,1.0
Core_PPI_YoY,12.333333333333334,Thursday,13.666666666666666,1.0,1.0,1.0,1.0,1.0,1.0,1.0,1.0,1.0,1.0,1.0,1.0
Core_Retail_Sales_MoM,12.333333333333334,Wednesday,15.5,1.0,1.0,1.0,1.0,1.0,1.0,1.0,1.0,1.0,1.0,1.0,1.0
Corporate_Profits,12.285714285714286,Thursday,27.428571428571427,0.0,1.0,1.0,0.0,0.0,0.0,1.0,1.0,1.0,1.0,0.0,1.0
CPI_Index_nsa,12.333333333333334,Wednesday,12.333333333333334,1.0,1.0,1.0,1.0,1.0,1.0,1.0,1.0,1.0,1.0,1.0,1.0
CPI_Index_sa,12.333333333333334,Wednesday,12.333333333333334,1.0,1.0,1.0,1.0,1.0,1.0,1.0,1.0,1.0,1.0,1.0,1.0
CPI_MoM,12.333333333333334,Wednesday,12.333333333333334,1.0,1.0,1.0,1.0,1.0,1.0,1.0,1.0,1.0,1.0,1.0,1.0
CPI_nsa_MoM,12.333333333333334,Wednesday,12.333333333333334,1.0,1.0,1.0,1.0,1.0,1.0,1.0,1.0,1.0,1.0,1.0,1.0
CPI_YoY,12.333333333333334,Wednesday,12.333333333333334,1.0,1.0,1.0,1.0,1.0,1.0,1.0,1.0,1.0,1.0,1.0,1.0
Crude_Oil_Imports,14.51923076923077,Wednesday,15.153846153846153,4.0,5.0,4.0,4.0,4.0,4.0,5.0,5.0,4.0,5.0,4.0,4.0
Crude_Oil_Inventories,14.51923076923077,Wednesday,15.153846153846153,4.0,5.0,4.0,4.0,4.0,4.0,5.0,5.0,4.0,5.0,4.0,4.0
Current_Account,12.25,Thursday,21.5,0.0,0.0,1.0,0.0,0.0,0.0,1.0,1.0,0.0,0.0,0.0,1.0
Cushing_Crude_Oil_Inventories,14.51923076923077,Wednesday,15.153846153846153,4.0,5.0,4.0,4.0,4.0,4.0,5.0,5.0,4.0,5.0,4.0,4.0
Dallas_Fed_Mfg_Business_Index,14.333333333333334,Monday,27.583333333333332,1.0,1.0,1.0,1.0,1.0,1.0,1.0,1.0,1.0,1.0,1.0,1.0
Dallas_Fed_PCE,17.0,Friday,27.75,1.0,1.0,1.0,1.0,1.0,1.0,1.0,1.0,1.0,1.0,1.0,1.0
Dallas_Fed_Services_Revenues,14.333333333333334,Tuesday,26.0,1.0,2.0,1.0,1.0,1.0,0.0,1.0,1.0,1.0,1.0,1.0,1.0
Distillate_Fuel_Production,14.528301886792454,Wednesday,14.88679245283019,4.0,5.0,4.0,4.0,4.0,4.0,5.0,6.0,4.0,5.0,4.0,4.0
Durables_Excluding_Defense_MoM,13.333333333333334,Wednesday,14.666666666666666,2.0,2.0,2.0,2.0,2.0,2.0,2.0,2.0,2.0,2.0,2.0,2.0
Durables_Excluding_Transport_MoM,14.333333333333334,Wednesday,4.0,1.0,1.0,1.0,1.0,1.0,1.0,1.0,1.0,1.0,1.0,1.0,1.0
Durable_Goods_Orders_MoM,12.333333333333334,Thursday,25.333333333333332,1.0,1.0,1.0,1.0,1.0,1.0,1.0,1.0,1.0,1.0,1.0,1.0
EIA_Refinery_Crude_Runs_WoW,14.51923076923077,Wednesday,15.153846153846153,4.0,5.0,4.0,4.0,4.0,4.0,5.0,5.0,4.0,5.0,4.0,4.0
EIA_Short-Term_Energy_Outlook,16.416666666666668,Tuesday,9.166666666666666,1.0,1.0,1.0,1.0,1.0,1.0,1.0,1.0,1.0,1.0,1.0,1.0
EIA_Weekly_Distillates_Stocks,14.51923076923077,Wednesday,15.153846153846153,4.0,5.0,4.0,4.0,4.0,4.0,5.0,5.0,4.0,5.0,4.0,4.0
EIA_Weekly_Refinery_Utilization_Rates_WoW,14.509803921568627,Wednesday,15.156862745098039,4.0,5.0,4.0,4.0,4.0,4.0,5.0,5.0,4.0,4.0,4.0,4.0
Employment_Benefits,12.25,Wednesday,29.5,1.0,0.0,0.0,0.0,1.0,1.0,0.0,0.0,0.0,0.0,1.0,0.0
Employment_Cost_Index,12.25,Wednesday,29.5,1.0,0.0,0.0,0.0,1.0,1.0,0.0,0.0,0.0,0.0,1.0,0.0
Employment_Wages,12.25,Wednesday,29.5,1.0,0.0,0.0,0.0,1.0,1.0,0.0,0.0,0.0,0.0,1.0,0.0
Existing_Home_Sales,14.333333333333334,Wednesday,20.416666666666668,1.0,1.0,1.0,1.0,1.0,1.0,1.0,1.0,1.0,1.0,1.0,1.0
Existing_Home_Sales_MoM,14.333333333333334,Wednesday,20.416666666666668,1.0,1.0,1.0,1.0,1.0,1.0,1.0,1.0,1.0,1.0,1.0,1.0
Exports,12.416666666666666,Wednesday,6.166666666666667,1.0,1.0,1.0,1.0,1.0,1.0,1.0,1.0,1.0,1.0,1.0,1.0
Export_Price_Index_MoM,12.333333333333334,Thursday,14.5,1.0,1.0,1.0,1.0,1.0,1.0,1.0,1.0,1.0,1.0,1.0,1.0
Export_Price_Index_YoY,12.333333333333334,Thursday,14.5,1.0,1.0,1.0,1.0,1.0,1.0,1.0,1.0,1.0,1.0,1.0,1.0
Factory_orders_ex_transportation_MoM,14.333333333333334,Wednesday,4.0,1.0,1.0,1.0,1.0,1.0,1.0,1.0,1.0,1.0,1.0,1.0,1.0
Factory_Orders_MoM,14.333333333333334,Wednesday,4.0,1.0,1.0,1.0,1.0,1.0,1.0,1.0,1.0,1.0,1.0,1.0,1.0
Federal_Budget_Balance,18.416666666666668,Wednesday,12.25,1.0,1.0,1.0,1.0,1.0,1.0,1.0,1.0,1.0,1.0,1.0,1.0
Feds_Balance_Sheet,20.153846153846153,Thursday,15.615384615384615,4.0,5.0,4.0,4.0,4.0,4.0,5.0,5.0,4.0,5.0,4.0,4.0
Fed_Bank_Stress_Test_Results,20.0,Wednesday,28.0,0.0,0.0,0.0,0.0,0.0,0.0,1.0,0.0,0.0,0.0,0.0,0.0
Fed_Barr_Testimony,13.75,Wednesday,22.75,0.0,0.0,0.0,0.0,0.0,0.0,0.0,2.0,2.0,0.0,0.0,0.0
Fed_Chair_Powell_Speaks,15.6,Wednesday,15.6,0.0,1.0,2.0,1.0,1.0,0.0,2.0,0.0,2.0,2.0,3.0,1.0
Fed_Chair_Powell_Testifies,14.5,Wednesday,14.5,0.0,0.0,0.0,0.0,0.0,0.0,2.0,2.0,0.0,0.0,0.0,0.0
Fed_Collins_Speaks,13.5,Thursday,19.166666666666668,0.0,1.0,0.0,0.0,1.0,0.0,0.0,0.0,1.0,2.0,0.0,1.0
Fed_Gibson_Testifies,14.0,Tuesday,18.0,0.0,0.0,0.0,0.0,0.0,1.0,0.0,0.0,0.0,0.0,0.0,0.0
Fed_Goolsbee_Speaks,15.75,Wednesday,15.583333333333334,0.0,1.0,2.0,0.0,0.0,0.0,1.0,0.0,0.0,4.0,2.0,2.0
Fed_Governor_Cook_Speaks,16.88888888888889,Wednesday,13.38888888888889,3.0,0.0,1.0,1.0,1.0,0.0,0.0,1.0,3.0,5.0,1.0,2.0
Fed_Governor_Cook_Testifies,14.0,Wednesday,21.0,0.0,0.0,0.0,0.0,0.0,0.0,1.0,0.0,0.0,0.0,0.0,0.0
Fed_Governor_Jefferson_Speaks,16.09090909090909,Wednesday,17.90909090909091,0.0,0.0,0.0,2.0,0.0,0.0,0.0,1.0,4.0,2.0,2.0,0.0
Fed_Governor_Jefferson_Testifies,14.0,Wednesday,21.0,0.0,0.0,0.0,0.0,0.0,0.0,1.0,0.0,0.0,0.0,0.0,0.0
Fed_Governor_Kroszner_Speaks,15.0,Thursday,16.0,0.0,0.0,0.0,0.0,0.0,0.0,0.0,0.0,0.0,1.0,0.0,0.0
Fed_Interest_Rate_Decision,18.25,Wednesday,12.5,0.0,0.0,1.0,1.0,0.0,1.0,1.0,1.0,1.0,1.0,0.0,1.0
Fed_Logan_Speaks,16.714285714285715,Wednesday,12.714285714285714,0.0,0.0,0.0,1.0,1.0,1.0,0.0,1.0,4.0,2.0,2.0,2.0
Fed_Statement,22.0,Sunday,12.0,0.0,0.0,0.0,0.0,0.0,0.0,0.0,1.0,0.0,0.0,0.0,0.0
Fed_Vice_Chair_Brainard_Speaks,18.0,Thursday,19.0,0.0,0.0,0.0,0.0,1.0,0.0,0.0,0.0,0.0,0.0,0.0,0.0
Fed_Vice_Chair_for_Supervision_Barr_Speaks,14.583333333333334,Wednesday,11.916666666666666,0.0,0.0,1.0,2.0,0.0,2.0,0.0,1.0,0.0,11.0,5.0,2.0
Fed_Waller_Speaks,15.473684210526315,Thursday,14.842105263157896,2.0,0.0,0.0,2.0,1.0,1.0,2.0,1.0,2.0,3.0,5.0,0.0
FOMC_Economic_Projections,18.25,Wednesday,17.25,0.0,0.0,1.0,0.0,0.0,0.0,1.0,1.0,0.0,0.0,0.0,1.0
FOMC_Meeting_Minutes,18.375,Wednesday,14.375,1.0,1.0,0.0,1.0,1.0,1.0,0.0,0.0,1.0,1.0,1.0,0.0
FOMC_Member_Barkin_Speaks,15.76923076923077,Wednesday,14.692307692307692,0.0,2.0,0.0,1.0,1.0,0.0,1.0,2.0,2.0,2.0,2.0,0.0
FOMC_Member_Bostic_Speaks,15.962962962962964,Wednesday,12.851851851851851,0.0,2.0,2.0,1.0,4.0,2.0,2.0,1.0,4.0,3.0,5.0,1.0
FOMC_Member_Bowman_Speaks,15.095238095238095,Wednesday,15.142857142857142,2.0,2.0,1.0,2.0,0.0,0.0,1.0,2.0,3.0,1.0,5.0,2.0
FOMC_Member_Bullard_Speaks,14.0,Thursday,14.75,1.0,0.0,0.0,1.0,2.0,1.0,3.0,1.0,3.0,0.0,0.0,0.0
FOMC_Member_Daly_Speaks,14.714285714285714,Wednesday,12.857142857142858,0.0,0.0,0.0,0.0,0.0,1.0,0.0,1.0,2.0,1.0,2.0,0.0
FOMC_Member_George_Speaks,18.0,Wednesday,18.0,0.0,0.0,0.0,0.0,1.0,0.0,0.0,0.0,0.0,0.0,0.0,0.0
FOMC_Member_Harker_Speaks,16.142857142857142,Wednesday,13.142857142857142,1.0,4.0,0.0,2.0,4.0,0.0,1.0,0.0,1.0,0.0,7.0,1.0
FOMC_Member_Kashkari_Speaks,17.0,Tuesday,14.333333333333334,1.0,1.0,0.0,0.0,0.0,1.0,0.0,3.0,1.0,1.0,2.0,2.0
FOMC_Member_Mester_Speaks,17.125,Wednesday,15.625,1.0,0.0,0.0,3.0,0.0,2.0,3.0,0.0,1.0,3.0,3.0,0.0
FOMC_Member_Rosengren_Speaks,17.0,Tuesday,4.0,1.0,0.0,0.0,0.0,0.0,0.0,0.0,0.0,0.0,0.0,0.0,0.0
FOMC_Member_Williams_Speaks,16.833333333333332,Wednesday,15.875,2.0,0.0,0.0,3.0,2.0,1.0,2.0,1.0,3.0,5.0,3.0,2.0
FOMC_Press_Conference,18.25,Wednesday,12.5,0.0,0.0,1.0,1.0,0.0,1.0,1.0,1.0,1.0,1.0,0.0,1.0
FOMC_Statement,18.285714285714285,Wednesday,11.142857142857142,0.0,0.0,1.0,1.0,0.0,1.0,1.0,0.0,1.0,1.0,0.0,1.0
Gasoline_Inventories,14.51923076923077,Wednesday,15.153846153846153,4.0,5.0,4.0,4.0,4.0,4.0,5.0,5.0,4.0,5.0,4.0,4.0
Gasoline_Production,14.51923076923077,Wednesday,15.153846153846153,4.0,5.0,4.0,4.0,4.0,4.0,5.0,5.0,4.0,5.0,4.0,4.0
GDP,12.333333333333334,Thursday,26.75,1.0,1.0,1.0,1.0,1.0,1.0,1.0,1.0,1.0,1.0,1.0,1.0
GDP_Price_Index,12.333333333333334,Thursday,26.75,1.0,1.0,1.0,1.0,1.0,1.0,1.0,1.0,1.0,1.0,1.0,1.0
GDP_Sales,12.333333333333334,Thursday,26.75,1.0,1.0,1.0,1.0,1.0,1.0,1.0,1.0,1.0,1.0,1.0,1.0
Goods_Orders_Non_Defense_Ex_Air_MoM,12.333333333333334,Thursday,25.333333333333332,1.0,1.0,1.0,1.0,1.0,1.0,1.0,1.0,1.0,1.0,1.0,1.0
Goods_Trade_Balance,12.333333333333334,Wednesday,27.583333333333332,1.0,1.0,1.0,1.0,1.0,1.0,1.0,1.0,1.0,1.0,1.0,1.0
Government_Payrolls,12.333333333333334,Friday,5.083333333333333,1.0,1.0,1.0,1.0,1.0,1.0,1.0,1.0,1.0,1.0,1.0,1.0
Heating_Oil_Stockpiles,14.51923076923077,Wednesday,15.153846153846153,4.0,5.0,4.0,4.0,4.0,4.0,5.0,5.0,4.0,5.0,4.0,4.0
House_Price_Index,13.333333333333334,Tuesday,27.833333333333332,1.0,1.0,1.0,1.0,1.0,1.0,1.0,1.0,1.0,1.0,1.0,1.0
House_Price_Index_MoM,13.333333333333334,Tuesday,27.833333333333332,1.0,1.0,1.0,1.0,1.0,1.0,1.0,1.0,1.0,1.0,1.0,1.0
House_Price_Index_YoY,13.333333333333334,Tuesday,27.833333333333332,1.0,1.0,1.0,1.0,1.0,1.0,1.0,1.0,1.0,1.0,1.0,1.0
Housing_Starts,12.333333333333334,Wednesday,17.833333333333332,1.0,1.0,1.0,1.0,1.0,1.0,1.0,1.0,1.0,1.0,1.0,1.0
Housing_Starts_MoM,12.333333333333334,Wednesday,17.833333333333332,1.0,1.0,1.0,1.0,1.0,1.0,1.0,1.0,1.0,1.0,1.0,1.0
IBDTIPP_Economic_Optimism,14.083333333333334,Tuesday,7.333333333333333,1.0,1.0,1.0,1.0,1.0,1.0,1.0,1.0,1.0,1.0,1.0,1.0
IEA_Monthly_Report,8.416666666666666,Wednesday,14.083333333333334,1.0,1.0,1.0,1.0,1.0,1.0,1.0,1.0,1.0,1.0,1.0,1.0
IMF_Meetings,12.5,Thursday,12.5,7.0,0.0,0.0,0.0,0.0,0.0,0.0,0.0,0.0,0.0,7.0,0.0
Imports,12.416666666666666,Wednesday,6.166666666666667,1.0,1.0,1.0,1.0,1.0,1.0,1.0,1.0,1.0,1.0,1.0,1.0
Import_Price_Index_ex_Petroleum_MoM,12.0,Thursday,14.5,1.0,1.0,1.0,1.0,1.0,1.0,1.0,1.0,1.0,1.0,1.0,1.0
Import_Price_Index_MoM,12.333333333333334,Thursday,14.5,1.0,1.0,1.0,1.0,1.0,1.0,1.0,1.0,1.0,1.0,1.0,1.0
Import_Price_Index_YoY,12.833333333333334,Thursday,14.5,1.0,1.0,1.0,1.0,1.0,1.0,1.0,1.0,1.0,1.0,1.0,1.0
Industrial_Production_MoM,13.333333333333334,Thursday,16.0,1.0,1.0,1.0,1.0,1.0,1.0,1.0,1.0,1.0,1.0,1.0,1.0
Industrial_Production_YoY,13.333333333333334,Thursday,16.0,1.0,1.0,1.0,1.0,1.0,1.0,1.0,1.0,1.0,1.0,1.0,1.0
Initial_Jobless_Claims,12.346153846153847,Thursday,15.826923076923077,4.0,5.0,4.0,4.0,4.0,4.0,5.0,5.0,4.0,5.0,4.0,4.0
Interest_Rate_Projection_-_1st_Yr,18.25,Wednesday,17.25,0.0,0.0,1.0,0.0,0.0,0.0,1.0,1.0,0.0,0.0,0.0,1.0
Interest_Rate_Projection_-_2nd_Yr,18.25,Wednesday,17.25,0.0,0.0,1.0,0.0,0.0,0.0,1.0,1.0,0.0,0.0,0.0,1.0
Interest_Rate_Projection_-_3rd_Yr,18.5,Wednesday,16.5,0.0,0.0,1.0,0.0,0.0,0.0,0.0,0.0,0.0,0.0,0.0,1.0
Interest_Rate_Projection_-_Current,18.25,Wednesday,17.25,0.0,0.0,1.0,0.0,0.0,0.0,1.0,1.0,0.0,0.0,0.0,1.0
Interest_Rate_Projection_-_Longer,18.25,Wednesday,17.25,0.0,0.0,1.0,0.0,0.0,0.0,1.0,1.0,0.0,0.0,0.0,1.0
ISM_Manufacturing_Employment,14.333333333333334,Wednesday,1.6666666666666667,1.0,1.0,1.0,1.0,1.0,1.0,1.0,1.0,1.0,1.0,1.0,1.0
ISM_Manufacturing_New_Orders_Index,14.333333333333334,Wednesday,1.6666666666666667,1.0,1.0,1.0,1.0,1.0,1.0,1.0,1.0,1.0,1.0,1.0,1.0
ISM_Manufacturing_PMI,14.333333333333334,Wednesday,1.6666666666666667,1.0,1.0,1.0,1.0,1.0,1.0,1.0,1.0,1.0,1.0,1.0,1.0
ISM_Manufacturing_Prices,14.333333333333334,Wednesday,1.6666666666666667,1.0,1.0,1.0,1.0,1.0,1.0,1.0,1.0,1.0,1.0,1.0,1.0
ISM_Non-Manufacturing_Business_Activity,14.333333333333334,Thursday,4.333333333333333,1.0,1.0,1.0,1.0,1.0,1.0,1.0,1.0,1.0,1.0,1.0,1.0
ISM_Non-Manufacturing_Employment,14.333333333333334,Thursday,4.333333333333333,1.0,1.0,1.0,1.0,1.0,1.0,1.0,1.0,1.0,1.0,1.0,1.0
ISM_Non-Manufacturing_New_Orders,14.333333333333334,Thursday,4.333333333333333,1.0,1.0,1.0,1.0,1.0,1.0,1.0,1.0,1.0,1.0,1.0,1.0
ISM_Non-Manufacturing_PMI,14.333333333333334,Thursday,4.333333333333333,1.0,1.0,1.0,1.0,1.0,1.0,1.0,1.0,1.0,1.0,1.0,1.0
ISM_Non-Manufacturing_Prices,14.333333333333334,Thursday,4.333333333333333,1.0,1.0,1.0,1.0,1.0,1.0,1.0,1.0,1.0,1.0,1.0,1.0
Jackson_Hole_Symposium,12.0,Friday,25.0,0.0,3.0,0.0,0.0,0.0,0.0,0.0,0.0,0.0,0.0,0.0,0.0
Jobless_Claims_4-Week_Avg,12.346153846153847,Thursday,15.826923076923077,4.0,5.0,4.0,4.0,4.0,4.0,5.0,5.0,4.0,5.0,4.0,4.0
JOLTs_Job_Openings,14.333333333333334,Wednesday,7.916666666666667,1.0,2.0,1.0,1.0,1.0,1.0,0.0,1.0,2.0,1.0,1.0,0.0
KC_Fed_Composite_Index,15.333333333333334,Thursday,24.0,1.0,1.0,1.0,1.0,1.0,1.0,1.0,1.0,1.0,1.0,1.0,1.0
KC_Fed_Manufacturing_Index,15.333333333333334,Thursday,24.0,1.0,1.0,1.0,1.0,1.0,1.0,1.0,1.0,1.0,1.0,1.0,1.0
Loan_Officer_Survey,18.25,Monday,12.75,0.0,0.0,0.0,1.0,0.0,1.0,0.0,0.0,1.0,1.0,0.0,0.0
M2_Money_Supply_MoM,17.416666666666668,Tuesday,25.5,1.0,1.0,1.0,1.0,1.0,1.0,1.0,1.0,1.0,1.0,1.0,1.0
Manufacturing_Payrolls,12.333333333333334,Friday,5.083333333333333,1.0,1.0,1.0,1.0,1.0,1.0,1.0,1.0,1.0,1.0,1.0,1.0
Manufacturing_Production_MoM,13.333333333333334,Thursday,16.0,1.0,1.0,1.0,1.0,1.0,1.0,1.0,1.0,1.0,1.0,1.0,1.0
MBA_30-Year_Mortgage_Rate,11.333333333333334,Wednesday,15.235294117647058,4.0,5.0,3.0,4.0,4.0,4.0,4.0,5.0,5.0,5.0,4.0,4.0
MBA_Mortgage_Applications_WoW,11.333333333333334,Wednesday,15.235294117647058,4.0,5.0,3.0,4.0,4.0,4.0,4.0,5.0,5.0,5.0,4.0,4.0
MBA_Purchase_Index,11.333333333333334,Wednesday,15.235294117647058,4.0,5.0,3.0,4.0,4.0,4.0,4.0,5.0,5.0,5.0,4.0,4.0
Michigan_1-Year_Inflation_Expectations,14.333333333333334,Friday,19.666666666666668,2.0,2.0,2.0,2.0,2.0,2.0,2.0,2.0,2.0,2.0,2.0,2.0
Michigan_5-Year_Inflation_Expectations,14.333333333333334,Friday,19.666666666666668,2.0,2.0,2.0,2.0,2.0,2.0,2.0,2.0,2.0,2.0,2.0,2.0
Michigan_Consumer_Expectations,14.333333333333334,Friday,19.666666666666668,2.0,2.0,2.0,2.0,2.0,2.0,2.0,2.0,2.0,2.0,2.0,2.0
Michigan_Consumer_Sentiment,14.333333333333334,Friday,19.666666666666668,2.0,2.0,2.0,2.0,2.0,2.0,2.0,2.0,2.0,2.0,2.0,2.0
Michigan_Current_Conditions,14.333333333333334,Friday,19.666666666666668,2.0,2.0,2.0,2.0,2.0,2.0,2.0,2.0,2.0,2.0,2.0,2.0
Mortgage_Market_Index,11.333333333333334,Wednesday,15.235294117647058,4.0,5.0,3.0,4.0,4.0,4.0,4.0,5.0,5.0,5.0,4.0,4.0
Mortgage_Refinance_Index,11.333333333333334,Wednesday,15.235294117647058,4.0,5.0,3.0,4.0,4.0,4.0,4.0,5.0,5.0,5.0,4.0,4.0
NAHB_Housing_Market_Index,14.333333333333334,Tuesday,16.833333333333332,1.0,1.0,1.0,1.0,1.0,1.0,1.0,1.0,1.0,1.0,1.0,1.0
Natural_Gas_Storage,14.384615384615385,Thursday,15.98076923076923,4.0,5.0,4.0,4.0,4.0,4.0,5.0,5.0,4.0,5.0,4.0,4.0
New_Home_Sales,14.333333333333334,Wednesday,24.75,1.0,1.0,1.0,1.0,1.0,1.0,1.0,1.0,1.0,1.0,1.0,1.0
New_Home_Sales_MoM,14.333333333333334,Wednesday,24.75,1.0,1.0,1.0,1.0,1.0,1.0,1.0,1.0,1.0,1.0,1.0,1.0
NFIB_Small_Business_Optimism,10.333333333333334,Tuesday,11.416666666666666,1.0,1.0,1.0,1.0,1.0,1.0,1.0,1.0,1.0,1.0,1.0,1.0
Nonfarm_Payrolls,12.333333333333334,Friday,5.083333333333333,1.0,1.0,1.0,1.0,1.0,1.0,1.0,1.0,1.0,1.0,1.0,1.0
Nonfarm_Productivity,12.375,Thursday,3.375,0.0,1.0,1.0,1.0,0.0,0.0,1.0,1.0,1.0,1.0,0.0,1.0
NY_Empire_State_Manufacturing_Index,12.333333333333334,Wednesday,15.583333333333334,1.0,1.0,1.0,1.0,1.0,1.0,1.0,1.0,1.0,1.0,1.0,1.0
NY_Fed_1-Year_Consumer_Inflation_Expectations,15.333333333333334,Monday,11.166666666666666,1.0,1.0,1.0,1.0,1.0,1.0,1.0,1.0,1.0,1.0,1.0,1.0
OPEC_Crude_Oil_Production_Algeria,14.0,Wednesday,27.75,0.0,1.0,1.0,1.0,1.0,1.0,1.0,1.0,2.0,1.0,1.0,1.0
OPEC_Crude_Oil_Production_Congo,13.833333333333334,Wednesday,27.75,0.0,1.0,1.0,1.0,1.0,1.0,1.0,1.0,2.0,1.0,1.0,1.0
OPEC_Crude_Oil_Production_Gabon,14.0,Wednesday,27.75,0.0,1.0,1.0,1.0,1.0,1.0,1.0,1.0,2.0,1.0,1.0,1.0
OPEC_Crude_Oil_Production_Guinea,14.0,Wednesday,27.75,0.0,1.0,1.0,1.0,1.0,1.0,1.0,1.0,2.0,1.0,1.0,1.0
OPEC_Crude_oil_Production_Iran,14.0,Wednesday,27.75,0.0,1.0,1.0,1.0,1.0,1.0,1.0,1.0,2.0,1.0,1.0,1.0
OPEC_Crude_oil_Production_Iraq,14.0,Wednesday,27.75,0.0,1.0,1.0,1.0,1.0,1.0,1.0,1.0,2.0,1.0,1.0,1.0
OPEC_Crude_Oil_Production_Kuwait,14.0,Wednesday,27.75,0.0,1.0,1.0,1.0,1.0,1.0,1.0,1.0,2.0,1.0,1.0,1.0
OPEC_Crude_Oil_Production_Libya,14.0,Wednesday,27.75,0.0,1.0,1.0,1.0,1.0,1.0,1.0,1.0,2.0,1.0,1.0,1.0
OPEC_Crude_Oil_Production_Nigeria,14.0,Wednesday,27.75,0.0,1.0,1.0,1.0,1.0,1.0,1.0,1.0,2.0,1.0,1.0,1.0
OPEC_Crude_oil_Production_Saudi_Arabia,13.833333333333334,Wednesday,27.75,0.0,1.0,1.0,1.0,1.0,1.0,1.0,1.0,2.0,1.0,1.0,1.0
OPEC_Crude_oil_Production_UAE,14.0,Wednesday,27.75,0.0,1.0,1.0,1.0,1.0,1.0,1.0,1.0,2.0,1.0,1.0,1.0
OPEC_Crude_oil_Production_Venezuela,14.0,Wednesday,27.75,0.0,1.0,1.0,1.0,1.0,1.0,1.0,1.0,2.0,1.0,1.0,1.0
OPEC_Meeting,10.0,Thursday,8.4,1.0,0.0,0.0,1.0,0.0,0.0,1.0,0.0,0.0,1.0,1.0,0.0
OPEC_Monthly_Report,11.333333333333334,Wednesday,12.916666666666666,1.0,1.0,1.0,1.0,1.0,1.0,1.0,1.0,1.0,1.0,1.0,1.0
Overall_Net_Capital_Flow,20.333333333333332,Tuesday,16.583333333333332,1.0,1.0,1.0,1.0,1.0,1.0,1.0,1.0,1.0,1.0,1.0,1.0
Participation_Rate,12.333333333333334,Friday,5.083333333333333,1.0,1.0,1.0,1.0,1.0,1.0,1.0,1.0,1.0,1.0,1.0,1.0
Payrolls_Benchmark,13.0,Friday,3.0,0.0,0.0,0.0,1.0,0.0,0.0,0.0,0.0,0.0,0.0,0.0,0.0
Payrolls_Benchmark_nsa,13.5,Thursday,13.0,0.0,1.0,0.0,1.0,0.0,0.0,0.0,0.0,0.0,0.0,0.0,0.0
PCE_Prices,12.333333333333334,Thursday,26.75,1.0,1.0,1.0,1.0,1.0,1.0,1.0,1.0,1.0,1.0,1.0,1.0
PCE_price_index_MoM,12.333333333333334,Friday,27.75,1.0,1.0,1.0,1.0,1.0,1.0,1.0,1.0,1.0,1.0,1.0,1.0
PCE_Price_index_YoY,12.333333333333334,Friday,27.75,1.0,1.0,1.0,1.0,1.0,1.0,1.0,1.0,1.0,1.0,1.0,1.0
Pending_Home_Sales_Index,14.333333333333334,Thursday,27.75,1.0,1.0,1.0,1.0,1.0,1.0,1.0,1.0,1.0,1.0,1.0,1.0
Pending_Home_Sales_MoM,14.333333333333334,Thursday,27.75,1.0,1.0,1.0,1.0,1.0,1.0,1.0,1.0,1.0,1.0,1.0,1.0
Personal_Income_MoM,12.333333333333334,Friday,27.75,1.0,1.0,1.0,1.0,1.0,1.0,1.0,1.0,1.0,1.0,1.0,1.0
Personal_Spending_MoM,12.333333333333334,Friday,27.75,1.0,1.0,1.0,1.0,1.0,1.0,1.0,1.0,1.0,1.0,1.0,1.0
Philadelphia_Fed_Manufacturing_Index,12.333333333333334,Thursday,18.166666666666668,1.0,1.0,1.0,1.0,1.0,1.0,1.0,1.0,1.0,1.0,1.0,1.0
Philly_Fed_Business_Conditions,12.333333333333334,Thursday,18.166666666666668,1.0,1.0,1.0,1.0,1.0,1.0,1.0,1.0,1.0,1.0,1.0,1.0
Philly_Fed_CAPEX_Index,12.333333333333334,Thursday,18.166666666666668,1.0,1.0,1.0,1.0,1.0,1.0,1.0,1.0,1.0,1.0,1.0,1.0
Philly_Fed_Employment,12.333333333333334,Thursday,18.166666666666668,1.0,1.0,1.0,1.0,1.0,1.0,1.0,1.0,1.0,1.0,1.0,1.0
Philly_Fed_New_Orders,12.333333333333334,Thursday,18.166666666666668,1.0,1.0,1.0,1.0,1.0,1.0,1.0,1.0,1.0,1.0,1.0,1.0
Philly_Fed_Prices_Paid,12.333333333333334,Thursday,18.166666666666668,1.0,1.0,1.0,1.0,1.0,1.0,1.0,1.0,1.0,1.0,1.0,1.0
PPI_ex_FoodEnergyTransport_MoM,12.333333333333334,Thursday,13.666666666666666,1.0,1.0,1.0,1.0,1.0,1.0,1.0,1.0,1.0,1.0,1.0,1.0
PPI_ex_FoodEnergyTransport_YoY,12.333333333333334,Thursday,13.666666666666666,1.0,1.0,1.0,1.0,1.0,1.0,1.0,1.0,1.0,1.0,1.0,1.0
PPI_MoM,12.333333333333334,Thursday,13.666666666666666,1.0,1.0,1.0,1.0,1.0,1.0,1.0,1.0,1.0,1.0,1.0,1.0
PPI_YoY,12.333333333333334,Thursday,13.666666666666666,1.0,1.0,1.0,1.0,1.0,1.0,1.0,1.0,1.0,1.0,1.0,1.0
Private_Nonfarm_Payrolls,12.333333333333334,Friday,5.083333333333333,1.0,1.0,1.0,1.0,1.0,1.0,1.0,1.0,1.0,1.0,1.0,1.0
Real_Consumer_Spending,12.333333333333334,Thursday,26.75,1.0,1.0,1.0,1.0,1.0,1.0,1.0,1.0,1.0,1.0,1.0,1.0
Real_Earnings_MoM,12.333333333333334,Wednesday,12.333333333333334,1.0,1.0,1.0,1.0,1.0,1.0,1.0,1.0,1.0,1.0,1.0,1.0
Real_Personal_Consumption_MoM,12.333333333333334,Friday,27.75,1.0,1.0,1.0,1.0,1.0,1.0,1.0,1.0,1.0,1.0,1.0,1.0
Redbook_YoY,12.461538461538462,Tuesday,16.307692307692307,4.0,5.0,4.0,4.0,5.0,4.0,4.0,4.0,5.0,4.0,5.0,4.0
Reserve_Balances_with_Federal_Reserve_Banks,20.333333333333332,Thursday,16.07843137254902,4.0,5.0,4.0,4.0,3.0,4.0,5.0,5.0,4.0,5.0,4.0,4.0
Retail_Control_MoM,12.333333333333334,Wednesday,15.5,1.0,1.0,1.0,1.0,1.0,1.0,1.0,1.0,1.0,1.0,1.0,1.0
Retail_Inventories_Ex_Auto,13.333333333333334,Wednesday,21.541666666666668,2.0,2.0,2.0,2.0,2.0,2.0,2.0,2.0,2.0,2.0,2.0,2.0
Retail_Sales_Ex_GasAutos_MoM,12.333333333333334,Wednesday,15.5,1.0,1.0,1.0,1.0,1.0,1.0,1.0,1.0,1.0,1.0,1.0,1.0
Retail_Sales_MoM,12.333333333333334,Wednesday,15.5,1.0,1.0,1.0,1.0,1.0,1.0,1.0,1.0,1.0,1.0,1.0,1.0
Retail_Sales_YoY,12.333333333333334,Wednesday,15.5,1.0,1.0,1.0,1.0,1.0,1.0,1.0,1.0,1.0,1.0,1.0,1.0
Richmond_Manufacturing_Index,14.333333333333334,Tuesday,25.583333333333332,1.0,1.0,1.0,1.0,1.0,1.0,1.0,1.0,1.0,1.0,1.0,1.0
Richmond_Manufacturing_Shipments,14.333333333333334,Tuesday,25.583333333333332,1.0,1.0,1.0,1.0,1.0,1.0,1.0,1.0,1.0,1.0,1.0,1.0
Richmond_Services_Index,14.333333333333334,Tuesday,25.583333333333332,1.0,1.0,1.0,1.0,1.0,1.0,1.0,1.0,1.0,1.0,1.0,1.0
SPCS_HPI_Composite_-_20_nsa_MoM,13.333333333333334,Tuesday,27.833333333333332,1.0,1.0,1.0,1.0,1.0,1.0,1.0,1.0,1.0,1.0,1.0,1.0
SPCS_HPI_Composite_-_20_nsa_YoY,13.333333333333334,Tuesday,27.833333333333332,1.0,1.0,1.0,1.0,1.0,1.0,1.0,1.0,1.0,1.0,1.0,1.0
SPCS_HPI_Composite_-_20_sa_MoM,13.333333333333334,Tuesday,27.833333333333332,1.0,1.0,1.0,1.0,1.0,1.0,1.0,1.0,1.0,1.0,1.0,1.0
SP_Global_Composite_PMI,13.333333333333334,Wednesday,13.291666666666666,2.0,2.0,2.0,2.0,2.0,2.0,2.0,2.0,2.0,2.0,2.0,2.0
SP_Global_Services_PMI,13.333333333333334,Wednesday,13.291666666666666,2.0,2.0,2.0,2.0,2.0,2.0,2.0,2.0,2.0,2.0,2.0,2.0
SP_Global_US_Manufacturing_PMI,13.333333333333334,Wednesday,11.958333333333334,2.0,2.0,2.0,2.0,2.0,2.0,2.0,2.0,2.0,2.0,2.0,2.0
Texas_Services_Sector_Outlook,14.333333333333334,Tuesday,26.0,1.0,2.0,1.0,1.0,1.0,0.0,1.0,1.0,1.0,1.0,1.0,1.0
Thomson_Reuters_IPSOS_PCSI,15.25,Wednesday,10.75,1.0,1.0,1.0,1.0,1.0,1.0,1.0,1.0,1.0,1.0,1.0,1.0
TIC_Net_Long-Term_Transactions,20.333333333333332,Tuesday,16.583333333333332,1.0,1.0,1.0,1.0,1.0,1.0,1.0,1.0,1.0,1.0,1.0,1.0
TIC_Net_Long-Term_Transactions_including_Swaps,20.333333333333332,Tuesday,16.583333333333332,1.0,1.0,1.0,1.0,1.0,1.0,1.0,1.0,1.0,1.0,1.0,1.0
Total_Vehicle_Sales,14.083333333333334,Wednesday,2.75,1.0,1.0,1.0,1.0,1.0,1.0,1.0,1.0,1.0,1.0,1.0,1.0
Trade_Balance,12.416666666666666,Wednesday,6.166666666666667,1.0,1.0,1.0,1.0,1.0,1.0,1.0,1.0,1.0,1.0,1.0,1.0
Treasury_Secretary_Yellen_Speaks,12.0,Wednesday,20.25,0.0,0.0,1.0,0.0,0.0,0.0,0.0,2.0,1.0,0.0,0.0,0.0
U6_Unemployment_Rate,12.333333333333334,Friday,5.083333333333333,1.0,1.0,1.0,1.0,1.0,1.0,1.0,1.0,1.0,1.0,1.0,1.0
Unemployment_Rate,12.333333333333334,Friday,5.083333333333333,1.0,1.0,1.0,1.0,1.0,1.0,1.0,1.0,1.0,1.0,1.0,1.0
Unit_Labor_Costs,12.375,Thursday,3.375,0.0,1.0,1.0,1.0,0.0,0.0,1.0,1.0,1.0,1.0,0.0,1.0
US_Baker_Hughes_Oil_Rig_Count,17.346153846153847,Friday,15.576923076923077,4.0,4.0,5.0,4.0,4.0,4.0,5.0,5.0,4.0,4.0,4.0,5.0
US_Baker_Hughes_Total_Rig_Count,17.346153846153847,Friday,15.576923076923077,4.0,4.0,5.0,4.0,4.0,4.0,5.0,5.0,4.0,4.0,4.0,5.0
US_Commercial_Banks_Deposits,20.0,Friday,10.0,0.0,0.0,0.0,0.0,0.0,0.0,2.0,0.0,1.0,0.0,0.0,0.0
US_Foreign_Buying_T-bonds,20.333333333333332,Tuesday,16.583333333333332,1.0,1.0,1.0,1.0,1.0,1.0,1.0,1.0,1.0,1.0,1.0,1.0
US_Leading_Index_MoM,14.333333333333334,Thursday,19.583333333333332,1.0,1.0,1.0,1.0,1.0,1.0,1.0,1.0,1.0,1.0,1.0,1.0
US_President_Biden_Speaks,16.0,Wednesday,19.5,0.0,0.0,0.0,0.0,1.0,0.0,0.0,1.0,0.0,0.0,0.0,0.0
WASDE_Report,16.416666666666668,Thursday,10.333333333333334,1.0,1.0,1.0,1.0,1.0,1.0,1.0,1.0,1.0,1.0,1.0,1.0
Wholesale_Inventories_MoM,13.375,Wednesday,18.041666666666668,2.0,2.0,2.0,2.0,2.0,2.0,2.0,2.0,2.0,2.0,2.0,2.0
Wholesale_Trade_Sales_MoM,14.416666666666666,Wednesday,8.5,1.0,1.0,1.0,1.0,1.0,1.0,1.0,1.0,1.0,1.0,1.0,1.0
