Event,Time_Delta,Coefficients,Intercept,R_squared,Explained_Variance_Ratio
Atlanta Fed GDPNow,5,[0.01916967 0.        ],0.03080598628551198,0.02103275196847687,[1.00000000e+00 5.32099094e-34]
Atlanta Fed GDPNow,15,[0.00898351 0.        ],-0.023558687108096752,0.0014558525566463754,[1.00000000e+00 5.32099094e-34]
Atlanta Fed GDPNow,30,[0.02660437 0.        ],0.013358942320473044,0.008404108145734113,[1.00000000e+00 5.32099094e-34]
Atlanta Fed GDPNow,60,[-0.03988965  0.        ],0.061559691524004,0.006178195455624369,[1.00000000e+00 5.32099094e-34]
Average Hourly Earnings (MoM),5,[0.00458604 0.10435193],-0.11106643366189306,0.009291289873434527,[0.87027439 0.12972561]
Average Hourly Earnings (MoM),15,[-0.06491889 -0.13932018],0.006780194980258131,0.07217999468490588,[0.87027439 0.12972561]
Average Hourly Earnings (MoM),30,[-0.02896965  0.06007145],-0.0704475297186922,0.00017972579432168345,[0.87027439 0.12972561]
Average Hourly Earnings (MoM),60,[-0.08365053  0.17189658],-0.0797508517248099,0.0012334150245659758,[0.87027439 0.12972561]
Average Hourly Earnings (YoY) (YoY),5,[-0.04230922 -0.11934591],-0.11106643366189306,0.010707461607310509,[0.72229531 0.27770469]
Average Hourly Earnings (YoY) (YoY),15,[-0.07873827  0.04815223],0.006780194980258146,-0.004788499143204339,[0.72229531 0.27770469]
Average Hourly Earnings (YoY) (YoY),30,[-0.04754457 -0.06788205],-0.0704475297186922,0.008342280833655957,[0.72229531 0.27770469]
Average Hourly Earnings (YoY) (YoY),60,[-0.1259074  -0.21696611],-0.07975085172480989,0.044519954098629966,[0.72229531 0.27770469]
Average Weekly Hours,5,[ 0.02734869 -0.12166463],-0.11106643366189307,-0.02826459141860793,[0.98490675 0.01509325]
Average Weekly Hours,15,[-0.00639995 -0.25592843],0.006780194980258112,-0.01891465990745922,[0.98490675 0.01509325]
Average Weekly Hours,30,[0.0137699  0.13657225],-0.07044752971869218,0.0015005254167155258,[0.98490675 0.01509325]
Average Weekly Hours,60,[0.10764392 0.98247314],-0.07975085172480981,0.07719148043779755,[0.98490675 0.01509325]
Building Permits,5,[-0.02562831 -0.00090703],0.03305509650050254,-115078478.97608742,[0.52625336 0.47374664]
Building Permits,15,[-0.06100779 -0.01806799],-0.03634528691296379,-920332696.4276385,[0.52625336 0.47374664]
Building Permits,30,[-0.09752008 -0.02256335],-0.05531717332718282,-1394600810.5433848,[0.52625336 0.47374664]
Building Permits,60,[-0.09499617  0.05856694],-0.06893235610639815,-3619867440.4712257,[0.52625336 0.47374664]
Building Permits (MoM),5,[-0.03637232  0.03141278],0.03305509650050254,-0.956725385704924,[0.74914132 0.25085868]
Building Permits (MoM),15,[-0.07528328  0.05436787],-0.03634528691296379,-1.8297155937657998,[0.74914132 0.25085868]
Building Permits (MoM),30,[-0.06039099  0.04311066],-0.05531717332718282,-0.925668415267459,[0.74914132 0.25085868]
Building Permits (MoM),60,[-0.10308892 -0.0274399 ],-0.06893235610639815,-1.842293424362356,[0.74914132 0.25085868]
Business Inventories (MoM),5,[0.03035679 0.01826059],0.029984200249612923,-0.008261772625752783,[0.83013378 0.16986622]
Business Inventories (MoM),15,[ 0.06903491 -0.01043154],0.02966046394851144,-0.026106846157878616,[0.83013378 0.16986622]
Business Inventories (MoM),30,[ 0.11961352 -0.09753938],-0.07617864602739717,-0.018328920485365163,[0.83013378 0.16986622]
Business Inventories (MoM),60,[0.29675553 0.3926872 ],-0.340257790257797,-0.08496017670097822,[0.83013378 0.16986622]
CB Consumer Confidence,5,[0.05198877 0.02724118],0.16774182666577894,-1.2208685758615152,[0.91785722 0.08214278]
CB Consumer Confidence,15,[0.13494003 0.08369823],0.15328493704819796,-7.453913200309705,[0.91785722 0.08214278]
CB Consumer Confidence,30,[-0.1663369  -0.25711942],0.33923775578069637,-3.9171964067408798,[0.91785722 0.08214278]
CB Consumer Confidence,60,[-0.37544154 -0.35773426],0.4213584999357951,-5.573189962973781,[0.91785722 0.08214278]
CFTC Aluminium speculative net positions,5,[-0.00514063  0.00323628],0.01852394917174843,-29464.104023701624,[0.69612817 0.30387183]
CFTC Aluminium speculative net positions,15,[-0.03762736  0.00430339],-0.006825822825933656,-15656.010532472557,[0.69612817 0.30387183]
CFTC Aluminium speculative net positions,30,[-0.03801195  0.03002643],0.034655230972550605,-212272.82987660216,[0.69612817 0.30387183]
CFTC Aluminium speculative net positions,60,[-0.04707997 -0.00954152],0.04880449074507372,-12431.577824485214,[0.69612817 0.30387183]
CFTC Copper speculative net positions,5,[-0.00627719 -0.03204611],0.01852394917174843,-38526230.336275816,[0.73864493 0.26135507]
CFTC Copper speculative net positions,15,[-0.00672547 -0.02035727],-0.006825822825933657,-2788181.601150027,[0.73864493 0.26135507]
CFTC Copper speculative net positions,30,[ 0.00421141 -0.01342812],0.034655230972550605,-489266.0753376729,[0.73864493 0.26135507]
CFTC Copper speculative net positions,60,[-0.00947852  0.00468587],0.04880449074507372,-37273.44885510214,[0.73864493 0.26135507]
CFTC Corn speculative net positions,5,[0.01758541 0.00092112],0.01852394917174843,-39827169.640145734,[0.58923724 0.41076276]
CFTC Corn speculative net positions,15,[-0.01214769 -0.03315413],-0.006825822825933658,-397092723.8379614,[0.58923724 0.41076276]
CFTC Corn speculative net positions,30,[ 0.02684007 -0.00687787],0.034655230972550605,-14882329.505530186,[0.58923724 0.41076276]
CFTC Corn speculative net positions,60,[ 0.03326308 -0.00300087],0.04880449074507372,-5956221.078222328,[0.58923724 0.41076276]
CFTC Crude Oil speculative net positions,5,[ 0.01497793 -0.03483755],0.01852394917174843,-5927955379.997285,[0.60881763 0.39118237]
CFTC Crude Oil speculative net positions,15,[ 0.03337371 -0.06357337],-0.006825822825933658,-3353763465.341464,[0.60881763 0.39118237]
CFTC Crude Oil speculative net positions,30,[ 0.03146368 -0.03804936],0.034655230972550605,-597858561.0585392,[0.60881763 0.39118237]
CFTC Crude Oil speculative net positions,60,[ 0.10642638 -0.07462154],0.04880449074507372,-1109319103.5757842,[0.60881763 0.39118237]
CFTC Gold speculative net positions,5,[0.01328975 0.0072237 ],0.01852394917174843,-146461371.59316948,[0.66215592 0.33784408]
CFTC Gold speculative net positions,15,[-0.01843674 -0.0272552 ],-0.006825822825933657,-327262225.8739157,[0.66215592 0.33784408]
CFTC Gold speculative net positions,30,[-0.03157929 -0.00531258],0.034655230972550605,-10347245.404322328,[0.66215592 0.33784408]
CFTC Gold speculative net positions,60,[-0.07171066 -0.1047418 ],0.04880449074507372,-1154628817.0134468,[0.66215592 0.33784408]
CFTC Nasdaq 100 speculative net positions,5,[ 0.00485943 -0.00896786],0.01852394917174843,-1790200.4598325226,[0.67261827 0.32738173]
CFTC Nasdaq 100 speculative net positions,15,[ 0.04493341 -0.04333301],-0.006825822825933654,-7490980.177399479,[0.67261827 0.32738173]
CFTC Nasdaq 100 speculative net positions,30,[ 0.05941463 -0.08415683],0.034655230972550605,-13432214.19417895,[0.67261827 0.32738173]
CFTC Nasdaq 100 speculative net positions,60,[ 0.08630932 -0.12516244],0.048804490745073724,-14239653.199667694,[0.67261827 0.32738173]
CFTC Natural Gas speculative net positions,5,[0.01261668 0.00194745],0.01852394917174843,-7696233.12437544,[0.58305817 0.41694183]
CFTC Natural Gas speculative net positions,15,[-0.00590792  0.00961734],-0.006825822825933656,-20849839.5265085,[0.58305817 0.41694183]
CFTC Natural Gas speculative net positions,30,[0.00732776 0.01227354],0.034655230972550605,-16986353.323927525,[0.58305817 0.41694183]
CFTC Natural Gas speculative net positions,60,[0.01206975 0.02357545],0.04880449074507372,-30028506.432230696,[0.58305817 0.41694183]
CFTC S&P 500 speculative net positions,5,[7.39035194e-05 7.73172445e-03],0.01852394917174843,-254276254.99923182,[0.61576366 0.38423634]
CFTC S&P 500 speculative net positions,15,[ 0.01040949 -0.01460587],-0.006825822825933656,-154643146.1530296,[0.61576366 0.38423634]
CFTC S&P 500 speculative net positions,30,[ 0.02035674 -0.04124131],0.034655230972550605,-610849909.438895,[0.61576366 0.38423634]
CFTC S&P 500 speculative net positions,60,[ 0.01995743 -0.05477835],0.04880449074507372,-516535206.4552142,[0.61576366 0.38423634]
CFTC Silver speculative net positions,5,[ 0.02259582 -0.02952161],0.01852394917174843,-60388492.519233875,[0.69767787 0.30232213]
CFTC Silver speculative net positions,15,[ 0.00644439 -0.00116298],-0.006825822825933656,-39987.83800540013,[0.69767787 0.30232213]
CFTC Silver speculative net positions,30,[ 0.02557979 -0.00121881],0.034655230972550605,-259421.43519311683,[0.69767787 0.30232213]
CFTC Silver speculative net positions,60,[0.04984514 0.07587561],0.04880449074507372,-19142518.121821098,[0.69767787 0.30232213]
CFTC Soybeans speculative net positions,5,[ 0.00451788 -0.0019893 ],0.01852394917174843,-5544438.211525927,[0.60703877 0.39296123]
CFTC Soybeans speculative net positions,15,[ 0.01165212 -0.0563615 ],-0.00682582282593366,-698244402.4400811,[0.60703877 0.39296123]
CFTC Soybeans speculative net positions,30,[ 0.01935971 -0.06794331],0.0346552309725506,-504325678.5823779,[0.60703877 0.39296123]
CFTC Soybeans speculative net positions,60,[ 0.08783162 -0.06300989],0.04880449074507371,-212270970.30647495,[0.60703877 0.39296123]
CFTC Wheat speculative net positions,5,[-5.38318496e-05 -2.34781940e-02],0.01852394917174843,-167008767.6985566,[0.63993996 0.36006004]
CFTC Wheat speculative net positions,15,[-0.02526036  0.00055734],-0.006825822825933655,-1086924.2330452858,[0.63993996 0.36006004]
CFTC Wheat speculative net positions,30,[-0.01959819  0.03442974],0.034655230972550605,-30111517.424576778,[0.63993996 0.36006004]
CFTC Wheat speculative net positions,60,[-0.00531062  0.03780061],0.04880449074507372,-17494951.74858372,[0.63993996 0.36006004]
CPI (MoM),5,[-0.05686527  0.10936774],-0.002683986866612811,-0.024606768562627,[0.65496437 0.34503563]
CPI (MoM),15,[-0.1301408   0.07311417],-0.00449612469224524,-0.024121039724025017,[0.65496437 0.34503563]
CPI (MoM),30,[-0.19849916  0.01396352],0.2553729642316617,-0.011044007694721136,[0.65496437 0.34503563]
CPI (MoM),60,[-0.04735907  0.07290161],0.04202149225334613,-0.0011573097487433959,[0.65496437 0.34503563]
CPI (YoY),5,[-0.06017926 -0.07415133],-0.002683986866612811,-0.04800550719457242,[0.81267455 0.18732545]
CPI (YoY),15,[-0.0879538  -0.03627251],-0.00449612469224524,-0.028405645697300308,[0.81267455 0.18732545]
CPI (YoY),30,[-0.13191855 -0.05607703],0.2553729642316617,-0.01411894771353328,[0.81267455 0.18732545]
CPI (YoY),60,[-0.09294001  0.31496289],0.04202149225334613,-0.011053893580224239,[0.81267455 0.18732545]
"CPI Index, n.s.a.",5,[ 0.02128645 -0.05829403],-0.0026839868666128116,-0.022710870841979425,[0.61031168 0.38968832]
"CPI Index, n.s.a.",15,[0.04454295 0.06416844],-0.004496124692245233,0.0053555367704641865,[0.61031168 0.38968832]
"CPI Index, n.s.a.",30,[0.10806612 0.18664676],0.2553729642316617,0.007360468727873104,[0.61031168 0.38968832]
"CPI Index, n.s.a.",60,[-0.14061457  0.24731982],0.04202149225334614,-0.04373022269969917,[0.61031168 0.38968832]
"CPI Index, s.a",5,[-0.04128819  0.00047273],-0.0026839868666128103,-0.05294284276017325,[0.64142302 0.35857698]
"CPI Index, s.a",15,[-0.18863403 -0.0283788 ],-0.004496124692245245,-161.0080456435795,[0.64142302 0.35857698]
"CPI Index, s.a",30,[-0.36316319 -0.01687621],0.2553729642316617,-14.355968152526241,[0.64142302 0.35857698]
"CPI Index, s.a",60,[-0.26142426 -0.05105326],0.042021492253346115,-129.55110974348858,[0.64142302 0.35857698]
"CPI, n.s.a (MoM)",5,[ 0.0626886  -0.24979635],-0.002683986866612825,-0.05720361951155173,[0.81223342 0.18776658]
"CPI, n.s.a (MoM)",15,[0.09163004 0.30145568],-0.004496124692245215,0.020603938946341827,[0.81223342 0.18776658]
"CPI, n.s.a (MoM)",30,[0.14354739 0.94887839],0.2553729642316618,0.0010800371475377935,[0.81223342 0.18776658]
"CPI, n.s.a (MoM)",60,[-0.10743903  0.91960336],0.04202149225334619,-0.05069556192628766,[0.81223342 0.18776658]
Capacity Utilization Rate,5,[-0.02120891 -0.0197538 ],-0.022049978380740992,-0.03999511020471491,[0.85073717 0.14926283]
Capacity Utilization Rate,15,[-0.05187136 -0.00957034],-0.03293172190153074,-0.04242850762369632,[0.85073717 0.14926283]
Capacity Utilization Rate,30,[-0.03190549  0.23905427],0.01140507306826097,0.03645942443509054,[0.85073717 0.14926283]
Capacity Utilization Rate,60,[0.05532813 0.1024317 ],0.07871620400560689,-0.12017865359171931,[0.85073717 0.14926283]
Consumer Credit,5,[0.0276746  0.07339113],0.02070969943479788,-4.5192106820740006e+19,[0.90674413 0.09325587]
Consumer Credit,15,[0.07049203 0.00681616],0.0022715244210887156,-1.7851326439084976e+19,[0.90674413 0.09325587]
Consumer Credit,30,[0.09554033 0.03981453],0.13068856668813594,-1.5329151982901936e+19,[0.90674413 0.09325587]
Consumer Credit,60,[0.24614963 0.04279242],0.14558322513875804,-4.351572655113537e+19,[0.90674413 0.09325587]
Continuing Jobless Claims,5,[0.00051623 0.03351455],0.03436783364168793,-3496069389.973093,[0.52703706 0.47296294]
Continuing Jobless Claims,15,[-0.00441658  0.05487045],0.009403060343567164,-3102690186.3643007,[0.52703706 0.47296294]
Continuing Jobless Claims,30,[0.01123127 0.0418059 ],0.0722498312404927,-1100202802.2006612,[0.52703706 0.47296294]
Continuing Jobless Claims,60,[0.02836321 0.11907915],0.12657562814900863,-3451659085.8804727,[0.52703706 0.47296294]
Core CPI (MoM),5,[0.02848063 0.03998602],-0.0026839868666128108,-0.003060455108774507,[0.87390617 0.12609383]
Core CPI (MoM),15,[-0.17202866  0.18858866],-0.004496124692245237,-0.0067225881870005555,[0.87390617 0.12609383]
Core CPI (MoM),30,[-0.42366927  0.3072437 ],0.2553729642316617,-0.01241128279335646,[0.87390617 0.12609383]
Core CPI (MoM),60,[-0.23862881  0.2473712 ],0.04202149225334613,-0.0034414283877803875,[0.87390617 0.12609383]
Core CPI (YoY),5,[-0.03555252 -0.14890591],-0.0026839868666128077,-0.022139095727809366,[0.7649833 0.2350167]
Core CPI (YoY),15,[-0.02014926 -0.13001671],-0.004496124692245237,-0.004366624597088364,[0.7649833 0.2350167]
Core CPI (YoY),30,[-0.0289144  -0.19522016],0.2553729642316617,-0.002137306245326709,[0.7649833 0.2350167]
Core CPI (YoY),60,[0.05707543 0.03338546],0.04202149225334613,-0.000998789272032674,[0.7649833 0.2350167]
Core CPI Index,5,[-0.05016445 -0.05594437],-0.002683986866612809,-1116.7095367273398,[0.57348735 0.42651265]
Core CPI Index,15,[-0.33659622 -0.12112513],-0.004496124692245225,-1694.8402635144091,[0.57348735 0.42651265]
Core CPI Index,30,[-0.64491464 -0.10673744],0.2553729642316618,-302.2922780502319,[0.57348735 0.42651265]
Core CPI Index,60,[-0.4301646 -0.1251746],0.04202149225334614,-460.1596899610011,[0.57348735 0.42651265]
Core Durable Goods Orders (MoM),5,[-0.01510261 -0.07313905],0.12217053502266033,-0.012712956171386125,[0.7499952 0.2500048]
Core Durable Goods Orders (MoM),15,[-0.01894847  0.03848963],0.14483408992253188,0.006245475278645496,[0.7499952 0.2500048]
Core Durable Goods Orders (MoM),30,[-0.01605231  0.01574334],0.21096812126708786,0.0007280623417398324,[0.7499952 0.2500048]
Core Durable Goods Orders (MoM),60,[-0.05785575  0.08438542],0.0624523672391268,0.010809066097852704,[0.7499952 0.2500048]
Core PCE Price Index (MoM),5,[-0.00226646  0.0976126 ],0.02793234260876873,-0.03628133370360298,[0.75098232 0.24901768]
Core PCE Price Index (MoM),15,[-0.01392368  0.16016338],0.03924728798092975,-0.06894000050060689,[0.75098232 0.24901768]
Core PCE Price Index (MoM),30,[0.05308472 0.22417936],-0.020752492006548568,0.007978221315510847,[0.75098232 0.24901768]
Core PCE Price Index (MoM),60,[0.03124295 0.26342661],0.02910416152398715,-0.006678970704926179,[0.75098232 0.24901768]
Core PCE Price Index (YoY),5,[-0.02395828 -0.05203046],0.02793234260876874,0.03530727149147239,[0.78933445 0.21066555]
Core PCE Price Index (YoY),15,[-0.02556071 -0.06819584],0.039247287980929774,0.028631057066881294,[0.78933445 0.21066555]
Core PCE Price Index (YoY),30,[-0.02260834 -0.09835713],-0.02075249200654854,0.010098180869162365,[0.78933445 0.21066555]
Core PCE Price Index (YoY),60,[-0.06753778 -0.2475959 ],0.029104161523987183,0.034018857819510195,[0.78933445 0.21066555]
Core PCE Prices,5,[-0.0199891   0.06337345],0.06121939622794392,0.024295504772354537,[0.82556785 0.17443215]
Core PCE Prices,15,[-0.08617809  0.04959013],-0.05928875061455665,0.21492883604887802,[0.82556785 0.17443215]
Core PCE Prices,30,[-0.11637166 -0.04880287],0.036889198993773964,0.11016619119005777,[0.82556785 0.17443215]
Core PCE Prices,60,[-0.15168815  0.00072145],-0.03192520596430812,0.09484982475716808,[0.82556785 0.17443215]
Core PPI (MoM),5,[-0.01115808  0.09659859],-0.04166220666444315,0.006896667486249841,[0.82228679 0.17771321]
Core PPI (MoM),15,[0.10434011 0.51462381],-0.14330460074067491,0.11498238378914616,[0.82228679 0.17771321]
Core PPI (MoM),30,[0.01032965 0.36133724],0.06188800579968452,0.06425366771954166,[0.82228679 0.17771321]
Core PPI (MoM),60,[-0.12388927  0.37271586],0.024119480417304492,-0.007206521604509852,[0.82228679 0.17771321]
Core PPI (YoY),5,[-0.0433542  -0.00836325],-0.04166220666444315,-0.0651055156622542,[0.70636959 0.29363041]
Core PPI (YoY),15,[-0.24887368  0.20815671],-0.1433046007406749,-0.00784928186255951,[0.70636959 0.29363041]
Core PPI (YoY),30,[-0.09845563  0.00210607],0.061888005799684544,-0.07071078555694577,[0.70636959 0.29363041]
Core PPI (YoY),60,[ 0.04337659 -0.05826716],0.024119480417304495,0.007627155698102572,[0.70636959 0.29363041]
Core Retail Sales (MoM),5,[ 0.00938215 -0.09701497],0.013557923209082737,-0.04007514501200449,[0.85943075 0.14056925]
Core Retail Sales (MoM),15,[ 0.21173852 -0.8291998 ],-0.052070416366224635,-0.12364095270872477,[0.85943075 0.14056925]
Core Retail Sales (MoM),30,[ 0.04569779 -0.38730053],0.04710237786596933,-0.08080582155869642,[0.85943075 0.14056925]
Core Retail Sales (MoM),60,[ 0.00126882 -0.21325434],0.22383132460377447,-0.014599367946978692,[0.85943075 0.14056925]
Corporate Profits,5,[ 0.00145771 -0.1005199 ],0.0007653996374661429,-7.4820950501273735,[0.85872595 0.14127405]
Corporate Profits,15,[-0.05704786  0.05745181],-0.07068652038949254,-2.176672182693836,[0.85872595 0.14127405]
Corporate Profits,30,[-0.0933035   0.08058288],-0.008787553511600122,-2.0269774302713257,[0.85872595 0.14127405]
Corporate Profits,60,[ 0.00574841 -0.1433759 ],-0.05192777279297545,-3.6064619801995796,[0.85872595 0.14127405]
Durable Goods Orders (MoM),5,[-0.03891296 -0.06923048],0.12217053502266031,-1.9214974121052757,[0.84630712 0.15369288]
Durable Goods Orders (MoM),15,[-0.06338069 -0.08736844],0.14483408992253188,-2.239376468915326,[0.84630712 0.15369288]
Durable Goods Orders (MoM),30,[-0.0844769  -0.05406503],0.21096812126708786,-1.702635156100679,[0.84630712 0.15369288]
Durable Goods Orders (MoM),60,[-0.0647094  -0.02436991],0.06245236723912681,-0.44146650310912294,[0.84630712 0.15369288]
Durables Excluding Defense (MoM),5,[-0.01297499 -0.1422402 ],0.03295478551664924,-2.916175259372985,[0.78192722 0.21807278]
Durables Excluding Defense (MoM),15,[ 0.01018554 -0.14644828],0.08799343533214307,-4.130054319921376,[0.78192722 0.21807278]
Durables Excluding Defense (MoM),30,[-0.02218464 -0.33360844],0.12614106959965166,-4.6103968055049345,[0.78192722 0.21807278]
Durables Excluding Defense (MoM),60,[-0.02826734 -0.29770887],0.09317089826084272,-3.494145760883251,[0.78192722 0.21807278]
Durables Excluding Transport (MoM),5,[0.02675545 0.07570838],-0.05626096398936185,-0.00020403119046208396,[0.83149467 0.16850533]
Durables Excluding Transport (MoM),15,[ 0.0145673  -0.06097449],0.031152780741754236,-0.011809859196969308,[0.83149467 0.16850533]
Durables Excluding Transport (MoM),30,[0.00184874 0.30954431],0.041314017932215404,-0.03042391404052225,[0.83149467 0.16850533]
Durables Excluding Transport (MoM),60,[0.12185447 0.23741799],0.12388942928255865,0.010526893288403394,[0.83149467 0.16850533]
Employment Cost Index,5,[-0.0088275   0.85329763],0.1282744424605428,-0.6435830044588826,[0.99875896 0.00124104]
Employment Cost Index,15,[-0.0668497   0.93996055],0.08773546584649451,-0.9954715177321001,[0.99875896 0.00124104]
Employment Cost Index,30,[-0.16960196  3.19679692],0.13557320686937605,-2.4636436910934156,[0.99875896 0.00124104]
Employment Cost Index,60,[-0.11008907  0.71575375],0.1321861759888633,-0.38644691387686336,[0.99875896 0.00124104]
Employment Wages,5,[0.00961207 0.10380102],0.1282744424605428,-0.0830070497439217,[0.6274484 0.3725516]
Employment Wages,15,[-0.03606148  0.18066003],0.0877354658464945,-0.4160606394340127,[0.6274484 0.3725516]
Employment Wages,30,[-0.12021465  0.365873  ],0.13557320686937602,-0.5072514372967998,[0.6274484 0.3725516]
Employment Wages,60,[-0.0805431   0.22468331],0.1321861759888633,-0.37756332986779406,[0.6274484 0.3725516]
Existing Home Sales,5,[-0.02312673 -0.31792568],0.037521691521249775,-66299193078.26126,[0.94821248 0.05178752]
Existing Home Sales,15,[-0.0113256 -0.9579938],0.13301862483131371,-97327702139.54411,[0.94821248 0.05178752]
Existing Home Sales,30,[-0.03234646 -1.14077429],0.11425912497445374,-94003899502.44264,[0.94821248 0.05178752]
Existing Home Sales,60,[-0.0752986  -0.85246539],0.07458057175578563,-29098859952.918457,[0.94821248 0.05178752]
Existing Home Sales (MoM),5,[-0.05388244  0.07659104],0.037521691521249755,-0.9884568871025041,[0.92616851 0.07383149]
Existing Home Sales (MoM),15,[-0.06398021  0.87429112],0.13301862483131366,-45.00197286077338,[0.92616851 0.07383149]
Existing Home Sales (MoM),30,[-0.03323968  1.15837249],0.11425912497445369,-55.410282030102515,[0.92616851 0.07383149]
Existing Home Sales (MoM),60,[0.00825901 1.14812487],0.0745805717557856,-27.99916279238109,[0.92616851 0.07383149]
Export Price Index (MoM),5,[-0.03601845 -0.10336768],0.08813802201854068,-0.10341963305569313,[0.83587655 0.16412345]
Export Price Index (MoM),15,[-0.06250901 -0.19541457],0.04424130451358011,-0.05832201191426267,[0.83587655 0.16412345]
Export Price Index (MoM),30,[-0.09404066 -0.23937669],0.0709198942181556,-0.05036484929928764,[0.83587655 0.16412345]
Export Price Index (MoM),60,[-0.02425551  0.00469758],0.08550250655470795,0.002220476573144392,[0.83587655 0.16412345]
Export Price Index (YoY),5,[-0.01099333 -0.00745578],0.08813802201854068,-0.16636206394985953,[0.85575186 0.14424814]
Export Price Index (YoY),15,[-0.00420975 -0.09713275],0.04424130451358012,-1.2738435065420082,[0.85575186 0.14424814]
Export Price Index (YoY),30,[ 0.0118706  -0.15627619],0.07091989421815562,-2.5263498113682443,[0.85575186 0.14424814]
Export Price Index (YoY),60,[-0.03526001 -0.18526967],0.08550250655470795,-2.4310767933854196,[0.85575186 0.14424814]
Exports,5,[-0.06674416 -0.07968984],-0.08042192916418717,-1.5897566434974579e+22,[0.70532355 0.29467645]
Exports,15,[-0.04874915 -0.06108584],-0.05384292041078967,-4.065063394645369e+21,[0.70532355 0.29467645]
Exports,30,[-0.01000022 -0.03261896],0.018345196840201528,-1.3573446973083655e+21,[0.70532355 0.29467645]
Exports,60,[-0.11219836 -0.00072157],0.12128342986520912,-1.3403268307152074e+18,[0.70532355 0.29467645]
Factory Orders (MoM),5,[-0.21151554  0.1942682 ],-0.05626096398936182,0.32734190768337246,[0.62719042 0.37280958]
Factory Orders (MoM),15,[-0.18980194  0.24075884],0.031152780741754243,0.6660036520445509,[0.62719042 0.37280958]
Factory Orders (MoM),30,[-0.5231732   0.32951561],0.0413140179322155,0.39343245562389273,[0.62719042 0.37280958]
Factory Orders (MoM),60,[-0.50029033  0.14381921],0.12388942928255871,0.2354326038673128,[0.62719042 0.37280958]
Factory orders ex transportation (MoM),5,[0.09037735 0.144602  ],-0.05626096398936185,-0.22138696196569874,[0.82486953 0.17513047]
Factory orders ex transportation (MoM),15,[0.02849438 0.05618345],0.03115278074175422,-0.0499383069641548,[0.82486953 0.17513047]
Factory orders ex transportation (MoM),30,[0.0662909  0.16902135],0.041314017932215445,-0.050861816030530305,[0.82486953 0.17513047]
Factory orders ex transportation (MoM),60,[0.0998983  0.14894835],0.12388942928255865,-0.07222901532165094,[0.82486953 0.17513047]
Fed Interest Rate Decision,5,[-0.06291742  0.        ],0.03715784874842485,0.013223007334263293,[1. 0.]
Fed Interest Rate Decision,15,[-0.06160131  0.        ],-0.12211284355163701,0.006025171668651019,[1. 0.]
Fed Interest Rate Decision,30,[-0.124575  0.      ],-0.22955573781826538,0.028733253577020612,[1. 0.]
Fed Interest Rate Decision,60,[-0.3454193  0.       ],0.1259588914794725,0.019926038123892376,[1. 0.]
Fed's Balance Sheet,5,[ 0.01223862 -0.01675244],0.008248710465832955,-4.461456611593924e+23,[0.57883104 0.42116896]
Fed's Balance Sheet,15,[0.03692805 0.0350867 ],0.001995212398054159,-1.1411729252771283e+24,[0.57883104 0.42116896]
Fed's Balance Sheet,30,[0.02552057 0.00916222],0.028619340143524227,-4.910012302673426e+22,[0.57883104 0.42116896]
Fed's Balance Sheet,60,[ 0.05743836 -0.05163934],0.051870176761083825,-8.220409744350199e+23,[0.57883104 0.42116896]
Federal Budget Balance,5,[-0.01473097  0.00944554],-0.00266990373507999,-3.1624654048549765e+20,[0.63035703 0.36964297]
Federal Budget Balance,15,[-0.00298824 -0.12119377],0.0754466566719092,-4.3465703397899475e+20,[0.63035703 0.36964297]
Federal Budget Balance,30,[ 0.04170974 -0.06783669],0.021345872585735087,-1.1252798116994584e+21,[0.63035703 0.36964297]
Federal Budget Balance,60,[-0.02178333 -0.02381605],0.15088048682262262,-1.494415032384046e+20,[0.63035703 0.36964297]
GDP,5,[ 0.00633082 -0.01130838],0.06121939622794392,0.0013006850210652843,[0.58413602 0.41586398]
GDP,15,[-0.09929266  0.01957823],-0.05928875061455666,-1.009952078014817,[0.58413602 0.41586398]
GDP,30,[-0.07844306  0.06545353],0.03688919899377395,-0.11507124610349195,[0.58413602 0.41586398]
GDP,60,[-0.13964134  0.22666953],-0.03192520596430813,0.043525290851953,[0.58413602 0.41586398]
GDP Price Index,5,[-0.00189975 -0.06418567],0.06121939622794392,-0.043517592363759405,[0.75683149 0.24316851]
GDP Price Index,15,[ 0.00771388 -0.0504209 ],-0.05928875061455666,-0.035941367531043156,[0.75683149 0.24316851]
GDP Price Index,30,[-0.02230837 -0.14268649],0.03688919899377396,-0.0383292276369791,[0.75683149 0.24316851]
GDP Price Index,60,[-0.10343704 -0.36014054],-0.03192520596430812,-0.014042114084157342,[0.75683149 0.24316851]
GDP Sales,5,[ 0.00546681 -0.00755998],0.06121939622794392,-0.012966942711955642,[0.66526477 0.33473523]
GDP Sales,15,[-0.01887763 -0.03790349],-0.05928875061455666,0.005442776304806163,[0.66526477 0.33473523]
GDP Sales,30,[-0.05930037  0.02142587],0.03688919899377395,-0.2908635766669254,[0.66526477 0.33473523]
GDP Sales,60,[-0.01707237 -0.01507584],-0.03192520596430813,-0.0042370813161676235,[0.66526477 0.33473523]
Goods Orders Non Defense Ex Air (MoM),5,[ 0.01834745 -0.04004144],0.12217053502266031,-0.006668061872398212,[0.86578782 0.13421218]
Goods Orders Non Defense Ex Air (MoM),15,[0.03178542 0.02179605],0.14483408992253188,0.014833615314963522,[0.86578782 0.13421218]
Goods Orders Non Defense Ex Air (MoM),30,[ 0.01756751 -0.01621381],0.21096812126708786,0.0006818700642132747,[0.86578782 0.13421218]
Goods Orders Non Defense Ex Air (MoM),60,[ 0.05968533 -0.02229835],0.06245236723912681,0.009327710613256435,[0.86578782 0.13421218]
Goods Trade Balance,5,[ 0.0153111  -0.07258057],0.07701228449517401,-1.169743968531306e+20,[0.7011437 0.2988563]
Goods Trade Balance,15,[ 0.04890643 -0.11158066],-0.02498840866026876,-1.6376294358806695e+20,[0.7011437 0.2988563]
Goods Trade Balance,30,[ 0.09204667 -0.10110996],0.048585656253322534,-5.382849790660509e+19,[0.7011437 0.2988563]
Goods Trade Balance,60,[ 0.16209937 -0.11503351],-0.010316912696603822,-4.111559951595921e+19,[0.7011437 0.2988563]
Housing Starts,5,[ 0.03202035 -0.059626  ],0.050283469431171984,-196417814.7780287,[0.96244632 0.03755368]
Housing Starts,15,[ 0.04359823 -0.19609034],-0.03043822280699755,-2472067785.1456017,[0.96244632 0.03755368]
Housing Starts,30,[ 0.00741309 -0.31188444],-0.03519449537420699,-9913782760.026499,[0.96244632 0.03755368]
Housing Starts,60,[-0.01644661  0.00777886],-0.0700094679837143,-19157126.88324177,[0.96244632 0.03755368]
Housing Starts (MoM),5,[-0.03831472  0.243273  ],0.050283469431171984,-104.05535814799931,[0.93819012 0.06180988]
Housing Starts (MoM),15,[-0.04310828  0.36136963],-0.030438222806997556,-101.08112949022279,[0.93819012 0.06180988]
Housing Starts (MoM),30,[-0.00201529  0.36701575],-0.035194495374207,-108.30531024437803,[0.93819012 0.06180988]
Housing Starts (MoM),60,[-0.07447329  0.52043182],-0.07000946798371431,-154.3611482042207,[0.93819012 0.06180988]
ISM Manufacturing Employment,5,[-0.04703729 -0.01562073],0.013417138546574439,-2.946809768420071,[0.55478583 0.44521417]
ISM Manufacturing Employment,15,[-0.01767803  0.02955711],-0.04688359145388643,-8.144029992836808,[0.55478583 0.44521417]
ISM Manufacturing Employment,30,[0.01344093 0.02997155],-0.07947746098336358,-3.6105090400028077,[0.55478583 0.44521417]
ISM Manufacturing Employment,60,[-0.06035225 -0.15412915],-0.29211391956107474,-18.303040518907206,[0.55478583 0.44521417]
ISM Manufacturing New Orders Index,5,[ 0.0794623  -0.04186741],0.013417138546574439,-50.22711422133424,[0.56131255 0.43868745]
ISM Manufacturing New Orders Index,15,[ 0.06685669 -0.07930842],-0.04688359145388644,-131.13964904469418,[0.56131255 0.43868745]
ISM Manufacturing New Orders Index,30,[0.10545654 0.00633368],-0.07947746098336358,-0.9969840309504823,[0.56131255 0.43868745]
ISM Manufacturing New Orders Index,60,[0.20932011 0.00417109],-0.29211391956107474,-0.38764434905770107,[0.56131255 0.43868745]
ISM Manufacturing PMI,5,[-0.03755429 -0.08603902],0.013417138546574442,-1.0062440741744347,[0.9739352 0.0260648]
ISM Manufacturing PMI,15,[ 0.00696717 -0.04817636],-0.04688359145388643,-0.023249011603067915,[0.9739352 0.0260648]
ISM Manufacturing PMI,30,[0.00159589 0.09997375],-0.07947746098336358,-0.12752730085683828,[0.9739352 0.0260648]
ISM Manufacturing PMI,60,[-0.05150329 -0.18921665],-0.29211391956107474,-0.21033922723754372,[0.9739352 0.0260648]
ISM Manufacturing Prices,5,[-0.01014803  0.95104276],0.013417138546574484,-423.40772875776025,[0.99294398 0.00705602]
ISM Manufacturing Prices,15,[-0.02813475  1.08323961],-0.04688359145388638,-374.27874247015063,[0.99294398 0.00705602]
ISM Manufacturing Prices,30,[-0.05712321  1.38845639],-0.07947746098336352,-275.911501081731,[0.99294398 0.00705602]
ISM Manufacturing Prices,60,[0.08569429 4.5212559 ],-0.2921139195610745,-669.1646114380742,[0.99294398 0.00705602]
ISM Non-Manufacturing Business Activity,5,[0.1827943  0.08931012],-0.15749553891078596,-48.41802707182295,[0.51012292 0.48987708]
ISM Non-Manufacturing Business Activity,15,[ 0.09263314 -0.01463368],-0.10931613130743609,-2.407366615993974,[0.51012292 0.48987708]
ISM Non-Manufacturing Business Activity,30,[0.24444921 0.03520371],-0.22603634149391238,-5.004383237291488,[0.51012292 0.48987708]
ISM Non-Manufacturing Business Activity,60,[0.32460956 0.05512097],-0.24417510725404223,-9.19118729554949,[0.51012292 0.48987708]
ISM Non-Manufacturing Employment,5,[ 0.01191995 -0.07142975],-0.15749553891078596,-17.314912268914615,[0.66976204 0.33023796]
ISM Non-Manufacturing Employment,15,[-0.03505138 -0.16957053],-0.1093161313074361,-133.84826978355744,[0.66976204 0.33023796]
ISM Non-Manufacturing Employment,30,[-0.05831854 -0.25057564],-0.2260363414939124,-86.4919090420256,[0.66976204 0.33023796]
ISM Non-Manufacturing Employment,60,[-0.04661861 -0.34254932],-0.24417510725404226,-136.74667608852099,[0.66976204 0.33023796]
ISM Non-Manufacturing New Orders,5,[-0.01754896  0.04478565],-0.15749553891078596,-7.383875181492067,[0.61466176 0.38533824]
ISM Non-Manufacturing New Orders,15,[0.09081566 0.0907068 ],-0.10931613130743609,-42.49361998956726,[0.61466176 0.38533824]
ISM Non-Manufacturing New Orders,30,[0.15431954 0.09693792],-0.22603634149391238,-15.104069087223934,[0.61466176 0.38533824]
ISM Non-Manufacturing New Orders,60,[0.17180073 0.12775156],-0.24417510725404223,-21.905468887957312,[0.61466176 0.38533824]
ISM Non-Manufacturing PMI,5,[0.04127535 0.57785486],-0.15749553891078594,-9.339132551644706,[0.98976739 0.01023261]
ISM Non-Manufacturing PMI,15,[0.03058966 0.02050581],-0.10931613130743609,-0.15810363745231815,[0.98976739 0.01023261]
ISM Non-Manufacturing PMI,30,[0.02909316 0.13004818],-0.22603634149391238,-0.28177353337790967,[0.98976739 0.01023261]
ISM Non-Manufacturing PMI,60,[ 0.05039972 -0.68101015],-0.24417510725404226,-2.5555199221288567,[0.98976739 0.01023261]
ISM Non-Manufacturing Prices,5,[-0.08709782  0.06926565],-0.15749553891078596,-24.171820312190317,[0.59341226 0.40658774]
ISM Non-Manufacturing Prices,15,[-0.08575624 -0.09192848],-0.10931613130743609,-59.2586877367248,[0.59341226 0.40658774]
ISM Non-Manufacturing Prices,30,[-0.19609729 -0.06756345],-0.22603634149391238,-10.821307175826542,[0.59341226 0.40658774]
ISM Non-Manufacturing Prices,60,[-0.23051322 -0.08879863],-0.24417510725404223,-15.587176609110912,[0.59341226 0.40658774]
Import Price Index (MoM),5,[ 0.0211553  -0.00988267],0.08813802201854068,-0.007150895403826407,[0.83848208 0.16151792]
Import Price Index (MoM),15,[ 0.07088558 -0.13368234],0.044241304513580125,0.042947087875585765,[0.83848208 0.16151792]
Import Price Index (MoM),30,[ 0.09647614 -0.12705905],0.07091989421815563,0.03235610124899113,[0.83848208 0.16151792]
Import Price Index (MoM),60,[ 0.04655695 -0.30664877],0.08550250655470795,0.05053673750061294,[0.83848208 0.16151792]
Import Price Index (YoY),5,[-0.02535619  0.06874778],0.07065510716558465,-1.3220643696940932,[0.86917315 0.13082685]
Import Price Index (YoY),15,[-0.05145521 -0.04902996],0.045504438794582575,-0.060801575462967605,[0.86917315 0.13082685]
Import Price Index (YoY),30,[-0.09122232 -0.0680348 ],0.07724294426851994,-0.05962320520590292,[0.86917315 0.13082685]
Import Price Index (YoY),60,[-0.04855983 -0.3898492 ],0.11596788778970733,-3.066406464315019,[0.86917315 0.13082685]
Industrial Production (MoM),5,[-0.01638319  0.04229101],-0.022049978380740992,0.018373047302543744,[0.84283672 0.15716328]
Industrial Production (MoM),15,[ 0.03019479 -0.22615976],-0.03293172190153075,0.0935250698240202,[0.84283672 0.15716328]
Industrial Production (MoM),30,[ 0.02581842 -0.11708927],0.011405073068260965,0.012139313353561332,[0.84283672 0.15716328]
Industrial Production (MoM),60,[-0.01096514 -0.21879458],0.07871620400560689,-0.02056777459210468,[0.84283672 0.15716328]
Industrial Production (YoY),5,[-0.02211734 -0.05231721],-0.022049978380740992,-0.30270134567467166,[0.50700062 0.49299938]
Industrial Production (YoY),15,[0.08492341 0.00479816],-0.03293172190153074,-0.08454949721169958,[0.50700062 0.49299938]
Industrial Production (YoY),30,[-0.06290453  0.01624936],0.011405073068260971,-0.014066450207836478,[0.50700062 0.49299938]
Industrial Production (YoY),60,[-0.06902255  0.04736238],0.07871620400560689,-0.07277553642033907,[0.50700062 0.49299938]
Initial Jobless Claims,5,[-0.01492715 -0.03392929],0.03436783364168793,-10663435.49961409,[0.87590485 0.12409515]
Initial Jobless Claims,15,[-0.02995364 -0.00621457],0.009403060343567164,-1954860.1119969648,[0.87590485 0.12409515]
Initial Jobless Claims,30,[-0.02422167 -0.01025451],0.0722498312404927,-1053831.2409726507,[0.87590485 0.12409515]
Initial Jobless Claims,60,[-0.02296818  0.01661665],0.12657562814900863,-88068.39991284005,[0.87590485 0.12409515]
Interest Rate Projection - 1st Yr,5,[-0.11602944 -0.28016723],0.12086773399993021,-20.067740095712487,[0.90686436 0.09313564]
Interest Rate Projection - 1st Yr,15,[0.0905637  0.06300778],-0.21472208141323856,-0.23776114678683835,[0.90686436 0.09313564]
Interest Rate Projection - 1st Yr,30,[ 0.14070937 -0.26144727],-0.1975597839000508,-9.939814261798995,[0.90686436 0.09313564]
Interest Rate Projection - 1st Yr,60,[0.00810051 1.00094178],-0.01584405084537456,-10.082161647064865,[0.90686436 0.09313564]
Interest Rate Projection - 2nd Yr,5,[-0.08424618 -0.35954507],0.12086773399993021,-19.62639332968824,[0.89651549 0.10348451]
Interest Rate Projection - 2nd Yr,15,[ 0.2027195  -0.13526752],-0.21472208141323854,-0.9774869279783429,[0.89651549 0.10348451]
Interest Rate Projection - 2nd Yr,30,[ 0.20847799 -0.34368069],-0.19755978390005074,-10.026854270490098,[0.89651549 0.10348451]
Interest Rate Projection - 2nd Yr,60,[0.36126162 0.43614728],-0.015844050845374637,-0.8853370844389417,[0.89651549 0.10348451]
Interest Rate Projection - 3rd Yr,5,[0.06950412 0.        ],0.19266772520643713,0.18000000000000005,[1. 0.]
Interest Rate Projection - 3rd Yr,15,[0.02146395 0.        ],0.18113413253428817,0.18000000000000038,[1. 0.]
Interest Rate Projection - 3rd Yr,30,[0.07849386 0.        ],0.2352140181374339,0.18000000000000016,[1. 0.]
Interest Rate Projection - 3rd Yr,60,[0.46854602 0.        ],0.626003688466649,0.18000000000000005,[1. 0.]
Interest Rate Projection - Current,5,[0.15965684 0.03580517],0.12086773399993019,-1.0644444211611628,[0.77825749 0.22174251]
Interest Rate Projection - Current,15,[ 0.17779907 -0.6450414 ],-0.21472208141323856,-49.15079101746574,[0.77825749 0.22174251]
Interest Rate Projection - Current,30,[ 0.01535562 -0.54557745],-0.19755978390005077,-55.59779987559076,[0.77825749 0.22174251]
Interest Rate Projection - Current,60,[ 0.70147313 -1.60413057],-0.015844050845374644,-35.172513916750624,[0.77825749 0.22174251]
Interest Rate Projection - Longer,5,[0.09708163 0.        ],0.12086773399993019,0.01401787887247119,[1.00000000e+00 8.38734006e-33]
Interest Rate Projection - Longer,15,[0.11225333 0.        ],-0.21472208141323854,0.005941611059465113,[1.00000000e+00 8.38734006e-33]
Interest Rate Projection - Longer,30,[-0.04009662  0.        ],-0.19755978390005074,0.0011912908252698085,[1.00000000e+00 8.38734006e-33]
Interest Rate Projection - Longer,60,[0.54869272 0.        ],-0.01584405084537459,0.01643605089087763,[1.00000000e+00 8.38734006e-33]
JOLTs Job Openings,5,[-0.03956381 -0.08175354],-0.056019801274490064,-37217847390.67502,[0.91625262 0.08374738]
JOLTs Job Openings,15,[-0.02187765 -0.02891347],0.06489172667117903,-3887464382.6010065,[0.91625262 0.08374738]
JOLTs Job Openings,30,[-0.30823788 -0.8610963 ],0.3543735306733529,-197020097925.33792,[0.91625262 0.08374738]
JOLTs Job Openings,60,[-0.41933982 -1.44501572],0.4275023622544099,-277549898090.25854,[0.91625262 0.08374738]
Jobless Claims 4-Week Avg.,5,[-0.0422423  -0.02349065],0.03436783364168793,-546874430.4838895,[0.59092093 0.40907907]
Jobless Claims 4-Week Avg.,15,[-0.06166133 -0.01691938],0.009403060343567162,-92361828.96866816,[0.59092093 0.40907907]
Jobless Claims 4-Week Avg.,30,[-0.09193018 -0.0338527 ],0.0722498312404927,-227958817.18916664,[0.59092093 0.40907907]
Jobless Claims 4-Week Avg.,60,[-0.13261534 -0.06225561],0.12657562814900863,-299697541.9143689,[0.59092093 0.40907907]
M2 Money Supply (MoM),5,[-0.00541582  0.03637794],-0.0002166358658055624,-25.29941059975925,[0.55887386 0.44112614]
M2 Money Supply (MoM),15,[ 0.03060736 -0.03350393],-0.026629696208936897,-8.789080165420868,[0.55887386 0.44112614]
M2 Money Supply (MoM),30,[ 0.01848186 -0.01080636],-0.011292407615798663,-0.979733623967888,[0.55887386 0.44112614]
M2 Money Supply (MoM),60,[ 0.2905472  -0.04378946],0.0852781206004819,-1.9369458107778486,[0.55887386 0.44112614]
MBA 30-Year Mortgage Rate,5,[-0.00997532  0.01210531],-0.016807706569674924,-0.126288877762478,[0.5519321 0.4480679]
MBA 30-Year Mortgage Rate,15,[-0.03198419  0.03734143],-0.015840599267633773,-0.40491809041355076,[0.5519321 0.4480679]
MBA 30-Year Mortgage Rate,30,[-0.04317168  0.05621979],0.029261436201588335,-0.523467132719764,[0.5519321 0.4480679]
MBA 30-Year Mortgage Rate,60,[ 0.01441885 -0.00171108],0.00889482886738658,-0.00038593507802731075,[0.5519321 0.4480679]
MBA Mortgage Applications (WoW),5,[-0.03987773  0.08486328],-0.016807706569674927,-4.059840334944118,[0.83332602 0.16667398]
MBA Mortgage Applications (WoW),15,[-0.04672084  0.08994109],-0.015840599267633777,-1.5222251265886846,[0.83332602 0.16667398]
MBA Mortgage Applications (WoW),30,[-0.08474473  0.04589337],0.029261436201588335,-0.41637351304399006,[0.83332602 0.16667398]
MBA Mortgage Applications (WoW),60,[-0.08371329 -0.04802848],0.008894828867386581,-0.8467589255254062,[0.83332602 0.16667398]
Manufacturing Payrolls,5,[ 0.05715085 -0.06158361],-0.11106643366189306,-3168242.4375189543,[0.92893817 0.07106183]
Manufacturing Payrolls,15,[-0.08833445 -0.10446007],0.006780194980258133,-65154183.343237855,[0.92893817 0.07106183]
Manufacturing Payrolls,30,[-0.1390086   0.14085584],-0.0704475297186922,-4518003.209186195,[0.92893817 0.07106183]
Manufacturing Payrolls,60,[-0.07321368 -0.14990228],-0.07975085172480989,-22170367.86750378,[0.92893817 0.07106183]
Manufacturing Production (MoM),5,[-0.02560997  0.09405799],-0.022049978380740992,0.054162433827903644,[0.79492342 0.20507658]
Manufacturing Production (MoM),15,[0.03371523 0.04142   ],-0.03293172190153074,-0.04066971986963508,[0.79492342 0.20507658]
Manufacturing Production (MoM),30,[-0.02583576 -0.29730342],0.011405073068260966,-0.05309431533583764,[0.79492342 0.20507658]
Manufacturing Production (MoM),60,[-0.0197178 -0.1660658],0.07871620400560689,-0.053849859894576024,[0.79492342 0.20507658]
Michigan 1-Year Inflation Expectations,5,[-0.06761131  0.0952675 ],0.020049315886807955,0.23144701968801318,[0.58376996 0.41623004]
Michigan 1-Year Inflation Expectations,15,[-0.05182963  0.17662126],0.06107685821536794,0.08842280136687419,[0.58376996 0.41623004]
Michigan 1-Year Inflation Expectations,30,[-0.01474605  0.23610994],0.05959100560737903,-0.029020050170525113,[0.58376996 0.41623004]
Michigan 1-Year Inflation Expectations,60,[0.11291629 0.22666131],-0.08817094051668312,-0.22366673419458705,[0.58376996 0.41623004]
Michigan 5-Year Inflation Expectations,5,[0.06351683 0.10564795],0.02004931588680796,0.23749010181517494,[0.58665061 0.41334939]
Michigan 5-Year Inflation Expectations,15,[0.13763837 0.08537621],0.06107685821536795,0.12428850712772888,[0.58665061 0.41334939]
Michigan 5-Year Inflation Expectations,30,[0.11856632 0.13182902],0.05959100560737904,0.10365812308275146,[0.58665061 0.41334939]
Michigan 5-Year Inflation Expectations,60,[0.02371126 0.10754628],-0.08817094051668312,0.011005634323383084,[0.58665061 0.41334939]
Michigan Consumer Expectations,5,[ 0.01951432 -0.02084239],0.020049315886807955,-0.039012131862739,[0.85184222 0.14815778]
Michigan Consumer Expectations,15,[-0.03611976 -0.21992272],0.06107685821536794,-3.4358015401936077,[0.85184222 0.14815778]
Michigan Consumer Expectations,30,[ 0.05653185 -0.05683664],0.05959100560737904,-0.06057595180904363,[0.85184222 0.14815778]
Michigan Consumer Expectations,60,[ 0.16877182 -0.07955123],-0.0881709405166831,-0.37266959937864774,[0.85184222 0.14815778]
Michigan Consumer Sentiment,5,[0.0327929 0.0310992],0.02004931588680796,-0.5728833633422938,[0.82881832 0.17118168]
Michigan Consumer Sentiment,15,[-0.00514618  0.22583539],0.06107685821536795,-2.821572940039872,[0.82881832 0.17118168]
Michigan Consumer Sentiment,30,[0.09858599 0.05333599],0.05959100560737904,-0.6440345906785316,[0.82881832 0.17118168]
Michigan Consumer Sentiment,60,[0.21374003 0.08996595],-0.0881709405166831,-1.3699060924947837,[0.82881832 0.17118168]
Michigan Current Conditions,5,[0.04009591 0.04130214],0.02004931588680795,-1.2370299899740576,[0.79872068 0.20127932]
Michigan Current Conditions,15,[0.04094888 0.14737723],0.06107685821536794,-2.2993529606215146,[0.79872068 0.20127932]
Michigan Current Conditions,30,[0.15785189 0.07353217],0.059591005607379025,-1.9494199747754228,[0.79872068 0.20127932]
Michigan Current Conditions,60,[0.24517221 0.01556086],-0.08817094051668313,-1.5793336224682641,[0.79872068 0.20127932]
NAHB Housing Market Index,5,[0.00480408 0.47430079],-0.012075965804879548,-50.879037658367835,[0.98509347 0.01490653]
NAHB Housing Market Index,15,[0.0023036  0.33315352],0.020491514694869113,-16.17185693094256,[0.98509347 0.01490653]
NAHB Housing Market Index,30,[ 0.05816354 -0.10440492],-0.10823138465674034,-0.01564328024486339,[0.98509347 0.01490653]
NAHB Housing Market Index,60,[ 0.0919504  -0.83518153],-0.494715671340999,-10.056854071765462,[0.98509347 0.01490653]
New Home Sales,5,[-0.06116831  0.29759897],0.052993146491979566,-1196259200.2521963,[0.96782995 0.03217005]
New Home Sales,15,[ 0.00578521 -0.40390053],0.16471406142482967,-2020163229.5949643,[0.96782995 0.03217005]
New Home Sales,30,[ 0.00582778 -0.53671188],0.22657614773027301,-1818885046.00564,[0.96782995 0.03217005]
New Home Sales,60,[ 0.07274876 -1.21707287],0.4353496215749077,-2174344223.682853,[0.96782995 0.03217005]
New Home Sales (MoM),5,[0.05980654 0.15634606],0.05299314649197953,-14.875905220650688,[0.8820267 0.1179733]
New Home Sales (MoM),15,[-0.0866041   0.32893912],0.16471406142482972,-28.54531621381024,[0.8820267 0.1179733]
New Home Sales (MoM),30,[-0.12157675  0.31946021],0.22657614773027307,-12.813712125677215,[0.8820267 0.1179733]
New Home Sales (MoM),60,[-0.23803792  0.44409448],0.4353496215749078,-5.853049900965233,[0.8820267 0.1179733]
Nonfarm Payrolls,5,[ 0.0197025  -0.13505127],-0.11106643366189306,-4784208259.162634,[0.83884286 0.16115714]
Nonfarm Payrolls,15,[-0.03343416  0.2099117 ],0.00678019498025813,-9552322364.597076,[0.83884286 0.16115714]
Nonfarm Payrolls,30,[-0.09458813 -0.09527876],-0.0704475297186922,-2005207322.0185564,[0.83884286 0.16115714]
Nonfarm Payrolls,60,[ 0.01366837 -0.18257062],-0.07975085172480989,-1940786013.5364282,[0.83884286 0.16115714]
Nonfarm Productivity,5,[-0.04225007  0.00105163],0.00282024570810759,0.025154667354058247,[0.64866462 0.35133538]
Nonfarm Productivity,15,[-0.02644308 -0.05649804],-0.04446017042536931,-0.029751919992652365,[0.64866462 0.35133538]
Nonfarm Productivity,30,[-0.02586513  0.0142912 ],-0.05011916409256012,0.01657855940131303,[0.64866462 0.35133538]
Nonfarm Productivity,60,[-0.0885702   0.09224911],0.01838863197855046,0.04445405633768629,[0.64866462 0.35133538]
PCE Price index (YoY),5,[0.01020326 0.03151797],0.027932342608768736,-0.09875624165054253,[0.67906029 0.32093971]
PCE Price index (YoY),15,[-0.00384341  0.016357  ],0.03924728798092977,-0.026336767601454092,[0.67906029 0.32093971]
PCE Price index (YoY),30,[-0.03854937  0.02108911],-0.020752492006548544,-0.03524687930131476,[0.67906029 0.32093971]
PCE Price index (YoY),60,[0.02933245 0.03020971],0.02910416152398717,-0.0036264749259811158,[0.67906029 0.32093971]
PCE Prices,5,[-0.00792662  0.06216172],0.06121939622794392,-0.3235201597371733,[0.57993884 0.42006116]
PCE Prices,15,[-0.04406321  0.06706695],-0.05928875061455666,-0.4343511522549335,[0.57993884 0.42006116]
PCE Prices,30,[-0.09510508  0.08876801],0.03688919899377395,-0.29543822817163967,[0.57993884 0.42006116]
PCE Prices,60,[-0.19091182  0.23211589],-0.031925205964308125,-0.8852103383417294,[0.57993884 0.42006116]
PCE price index (MoM),5,[0.00652003 0.01626775],0.027932342608768736,-0.003845350452504892,[0.8466133 0.1533867]
PCE price index (MoM),15,[-0.02242455  0.12760449],0.039247287980929774,0.0566027653332114,[0.8466133 0.1533867]
PCE price index (MoM),30,[-0.09047675 -0.11290071],-0.02075249200654855,-0.07804368448572285,[0.8466133 0.1533867]
PCE price index (MoM),60,[ 0.00821631 -0.20927815],0.02910416152398716,0.009773000384921127,[0.8466133 0.1533867]
PPI (MoM),5,[-0.00454191 -0.07801813],-0.04166220666444314,0.0022793756392639475,[0.90984131 0.09015869]
PPI (MoM),15,[0.11740505 0.48654886],-0.14330460074067491,0.08201126761239341,[0.90984131 0.09015869]
PPI (MoM),30,[0.04331935 0.3747395 ],0.061888005799684516,0.03956586194519662,[0.90984131 0.09015869]
PPI (MoM),60,[0.06895495 0.22394904],0.02411948041730448,0.04781035813515622,[0.90984131 0.09015869]
PPI (YoY),5,[-0.05173428 -0.05449346],-0.04166220666444314,-0.34511904457273435,[0.8157045 0.1842955]
PPI (YoY),15,[-0.17359318  0.07470253],-0.1433046007406749,-0.1694337151077232,[0.8157045 0.1842955]
PPI (YoY),30,[-0.05462982 -0.1156853 ],0.061888005799684544,-0.1396981010969358,[0.8157045 0.1842955]
PPI (YoY),60,[-0.02129552 -0.24438406],0.024119480417304502,-0.05465981665841513,[0.8157045 0.1842955]
PPI ex. Food/Energy/Transport (MoM),5,[0.02722093 0.05319127],-0.04166220666444314,0.02134588002245663,[0.790849 0.209151]
PPI ex. Food/Energy/Transport (MoM),15,[ 0.03353609 -0.35186949],-0.14330460074067491,0.00816756187689116,[0.790849 0.209151]
PPI ex. Food/Energy/Transport (MoM),30,[-0.05607679 -0.07133255],0.06188800579968453,0.017453132776135916,[0.790849 0.209151]
PPI ex. Food/Energy/Transport (MoM),60,[-0.10288619  0.13492945],0.0241194804173045,0.009438606930844418,[0.790849 0.209151]
PPI ex. Food/Energy/Transport (YoY),5,[-0.06253902  0.02389607],-0.04166220666444315,-0.1777777730591792,[0.63434085 0.36565915]
PPI ex. Food/Energy/Transport (YoY),15,[0.12463012 0.18172842],-0.1433046007406749,-1.188995521425079,[0.63434085 0.36565915]
PPI ex. Food/Energy/Transport (YoY),30,[0.03249939 0.13100003],0.06188800579968454,-1.3323819863595694,[0.63434085 0.36565915]
PPI ex. Food/Energy/Transport (YoY),60,[-0.06786567  0.06491672],0.0241194804173045,-0.2491268654592398,[0.63434085 0.36565915]
Participation Rate,5,[ 0.02660232 -0.00247927],-0.11106643366189306,-0.08806344421186196,[0.58509108 0.41490892]
Participation Rate,15,[-0.05686759  0.04092722],0.006780194980258139,-33.504354028752566,[0.58509108 0.41490892]
Participation Rate,30,[ 0.08802605 -0.10568851],-0.07044752971869221,-72.16575790914062,[0.58509108 0.41490892]
Participation Rate,60,[-0.02339971 -0.11684439],-0.07975085172480989,-72.5799832371948,[0.58509108 0.41490892]
Payrolls Benchmark,5,[-4.69320037e-02 -5.11310335e-35],0.048175169702755885,-32560.724963468532,[1.00000000e+00 2.81351049e-34]
Payrolls Benchmark,15,[-1.62024813e-01 -1.76521254e-34],-0.05967670294992599,-32560.724963468514,[1.00000000e+00 2.81351049e-34]
Payrolls Benchmark,30,[-1.68963576e-01 -1.84080831e-34],-0.28828732292329423,-32560.724963468536,[1.00000000e+00 2.81351049e-34]
Payrolls Benchmark,60,[-1.25559905e-01 -1.36793812e-34],-0.015829807812296703,-32560.724963468547,[1.00000000e+00 2.81351049e-34]
"Payrolls Benchmark, n.s.a.",5,[0.02063404 0.12796508],0.07791190242886195,-424995005361.86456,[0.87918477 0.12081523]
"Payrolls Benchmark, n.s.a.",15,[0.14984104 0.05414184],-0.11059373387170819,-11563915099.062326,[0.87918477 0.12081523]
"Payrolls Benchmark, n.s.a.",30,[0.05310909 0.56513025],-0.1398542656132176,-484310577988.0393,[0.87918477 0.12081523]
"Payrolls Benchmark, n.s.a.",60,[0.06249487 0.3063954 ],0.04948073705916014,-383345870985.6379,[0.87918477 0.12081523]
Pending Home Sales (MoM),5,[ 0.00413216 -0.00835247],0.06904701721667811,-0.014702674192164533,[0.94955874 0.05044126]
Pending Home Sales (MoM),15,[ 0.00738441 -0.10581922],0.08065616940960617,-1.8374553466364705,[0.94955874 0.05044126]
Pending Home Sales (MoM),30,[ 0.00146478 -0.355892  ],0.0011519207479743323,-19.05908664024426,[0.94955874 0.05044126]
Pending Home Sales (MoM),60,[ 0.01031047 -0.48114286],-0.13531585577697525,-11.7153338319467,[0.94955874 0.05044126]
Pending Home Sales Index,5,[ 0.05202188 -0.04905906],0.06904701721667811,-456.5123597648665,[0.72689242 0.27310758]
Pending Home Sales Index,15,[0.06424983 0.0008019 ],0.08065616940960615,-0.28131311475090226,[0.72689242 0.27310758]
Pending Home Sales Index,30,[-0.03511788  0.07065164],0.0011519207479743017,-355.5284199364568,[0.72689242 0.27310758]
Pending Home Sales Index,60,[-0.17401016 -0.01144987],-0.1353158557769753,-3.9570786445891164,[0.72689242 0.27310758]
Personal Income (MoM),5,[ 0.04412269 -0.06487558],0.027932342608768732,-0.09389485115066498,[0.72087587 0.27912413]
Personal Income (MoM),15,[ 0.0614885  -0.05769748],0.03924728798092977,-0.028175348999498917,[0.72087587 0.27912413]
Personal Income (MoM),30,[ 0.12885757 -0.04565194],-0.020752492006548547,0.042536903962853034,[0.72087587 0.27912413]
Personal Income (MoM),60,[ 0.17927836 -0.26998233],0.029104161523987163,-0.1106292236521138,[0.72087587 0.27912413]
Personal Spending (MoM),5,[-0.02563082 -0.1405137 ],0.027932342608768736,0.06741494356754052,[0.91823781 0.08176219]
Personal Spending (MoM),15,[-0.04181581 -0.08140649],0.03924728798092977,0.09457536711796066,[0.91823781 0.08176219]
Personal Spending (MoM),30,[-0.0031382  -0.07406562],-0.020752492006548547,5.0438988782985916e-05,[0.91823781 0.08176219]
Personal Spending (MoM),60,[-0.09602114  0.25386358],0.029104161523987166,0.04432695662077035,[0.91823781 0.08176219]
Private Nonfarm Payrolls,5,[ 0.01252787 -0.08169374],-0.11106643366189306,-1068351328.6463084,[0.85331433 0.14668567]
Private Nonfarm Payrolls,15,[-0.04423544  0.18055567],0.006780194980258131,-3942062992.3308196,[0.85331433 0.14668567]
Private Nonfarm Payrolls,30,[-0.08830789 -0.04409518],-0.0704475297186922,-656334686.0903118,[0.85331433 0.14668567]
Private Nonfarm Payrolls,60,[-0.00143531 -0.07237308],-0.07975085172480989,-213697654.8571993,[0.85331433 0.14668567]
Real Consumer Spending,5,[ 0.01419678 -0.01047919],0.06121939622794392,-0.018274297544450757,[0.75303072 0.24696928]
Real Consumer Spending,15,[ 0.03746091 -0.02833324],-0.05928875061455666,-0.11911898834864965,[0.75303072 0.24696928]
Real Consumer Spending,30,[ 0.07440965 -0.03926793],0.03688919899377395,-0.08554084411852769,[0.75303072 0.24696928]
Real Consumer Spending,60,[ 0.13117613 -0.23019873],-0.03192520596430813,-1.1208101693776165,[0.75303072 0.24696928]
Real Earnings (MoM),5,[-0.04418341  0.08955788],-0.002683986866612806,-0.003856556657752197,[0.9316942 0.0683058]
Real Earnings (MoM),15,[0.03426204 0.86225605],-0.00449612469224525,-0.05666530369382117,[0.9316942 0.0683058]
Real Earnings (MoM),30,[0.09861192 1.63317922],0.2553729642316617,-0.030176565562433533,[0.9316942 0.0683058]
Real Earnings (MoM),60,[-0.09600338  1.77349263],0.042021492253346115,-0.13393931078215804,[0.9316942 0.0683058]
Real Personal Consumption (MoM),5,[-0.01997549 -0.09869691],0.027932342608768732,0.015297893164380127,[0.86082635 0.13917365]
Real Personal Consumption (MoM),15,[-0.02913522 -0.02010891],0.03924728798092977,0.03437163635106544,[0.86082635 0.13917365]
Real Personal Consumption (MoM),30,[-0.01506214 -0.03450509],-0.020752492006548547,0.002512600149710442,[0.86082635 0.13917365]
Real Personal Consumption (MoM),60,[-0.15526908  0.06265651],0.029104161523987173,0.0842043685606908,[0.86082635 0.13917365]
Retail Control (MoM),5,[-0.01703107  0.01170572],0.013557923209082732,-0.013339404898624396,[0.85029765 0.14970235]
Retail Control (MoM),15,[-0.22380137 -0.65782843],-0.05207041636622465,-0.7949934311961635,[0.85029765 0.14970235]
Retail Control (MoM),30,[-0.05749179 -0.23879949],0.04710237786596932,-0.1429686350981645,[0.85029765 0.14970235]
Retail Control (MoM),60,[ 0.05405314 -0.08957887],0.22383132460377447,-0.0023905277503915023,[0.85029765 0.14970235]
Retail Inventories Ex Auto,5,[0.05375354 0.00827357],0.05349824237239348,0.019909892503167992,[0.61011777 0.38988223]
Retail Inventories Ex Auto,15,[0.04563993 0.00612971],0.0023360276441213414,0.010828533731370382,[0.61011777 0.38988223]
Retail Inventories Ex Auto,30,[0.12658925 0.01301639],-0.013796494887037318,0.035760161183265415,[0.61011777 0.38988223]
Retail Inventories Ex Auto,60,[ 0.1859068  -0.08469347],-0.1752873514772004,0.021582508819420143,[0.61011777 0.38988223]
Retail Sales (MoM),5,[ 0.01454894 -0.02432716],0.013557923209082732,0.010453168512880806,[0.81558976 0.18441024]
Retail Sales (MoM),15,[ 0.20471376 -0.67914254],-0.05207041636622465,0.13483294192753215,[0.81558976 0.18441024]
Retail Sales (MoM),30,[ 0.03138917 -0.25739538],0.047102377865969325,0.006484216776654339,[0.81558976 0.18441024]
Retail Sales (MoM),60,[0.02972571 0.01343868],0.22383132460377447,0.0034543695496297433,[0.81558976 0.18441024]
Retail Sales (YoY),5,[-0.03068639 -0.07639747],0.013557923209082732,-3.7563769155546503,[0.71252506 0.28747494]
Retail Sales (YoY),15,[-0.09600747 -0.40183411],-0.05207041636622467,-5.713092506239585,[0.71252506 0.28747494]
Retail Sales (YoY),30,[-0.11946404 -0.11967137],0.04710237786596931,-2.0313441879794656,[0.71252506 0.28747494]
Retail Sales (YoY),60,[-0.06370292  0.03798421],0.22383132460377447,-0.06232562562892752,[0.71252506 0.28747494]
Retail Sales Ex Gas/Autos (MoM),5,[ 0.01425217 -0.08654608],0.013557923209082737,-0.12756248003950654,[0.88064633 0.11935367]
Retail Sales Ex Gas/Autos (MoM),15,[ 0.23893164 -0.85248271],-0.05207041636622462,-0.7263489520725677,[0.88064633 0.11935367]
Retail Sales Ex Gas/Autos (MoM),30,[ 0.06381719 -0.29304455],0.04710237786596933,-0.18184034921712855,[0.88064633 0.11935367]
Retail Sales Ex Gas/Autos (MoM),60,[-0.02603022 -0.30088545],0.2238313246037745,-0.11034809597957085,[0.88064633 0.11935367]
S&P Global Composite PMI,5,[-0.01689907  0.00275064],-0.03535614679995984,-0.15634027920968285,[0.51844789 0.48155211]
S&P Global Composite PMI,15,[-0.02276363  0.02806343],0.05248816297065906,-4.522841278494108,[0.51844789 0.48155211]
S&P Global Composite PMI,30,[0.00070236 0.13533041],0.03935938385235052,-33.620597600175955,[0.51844789 0.48155211]
S&P Global Composite PMI,60,[-0.01976813  0.12221176],0.030311126739221827,-12.958199622393098,[0.51844789 0.48155211]
S&P Global Services PMI,5,[-0.01947608  0.01721513],-0.03535614679995984,-0.020831077304808376,[0.80833763 0.19166237]
S&P Global Services PMI,15,[-0.02326602 -0.03245733],0.05248816297065906,-0.011150680130687096,[0.80833763 0.19166237]
S&P Global Services PMI,30,[-0.03776765 -0.11558552],0.03935938385235053,-0.083906439920171,[0.80833763 0.19166237]
S&P Global Services PMI,60,[-0.03450441 -0.0581618 ],0.030311126739221827,-0.007117609766365662,[0.80833763 0.19166237]
S&P Global US Manufacturing PMI,5,[0.02682229 0.1634723 ],-0.06027028064501319,-1.1120586163794273,[0.86033129 0.13966871]
S&P Global US Manufacturing PMI,15,[0.0009548 0.0966523],-0.00769051878264863,-0.22156708471327136,[0.86033129 0.13966871]
S&P Global US Manufacturing PMI,30,[-0.00281412  0.09690659],-0.020025266507199786,-0.10232943702067554,[0.86033129 0.13966871]
S&P Global US Manufacturing PMI,60,[-0.00686661 -0.03749131],-0.05693724747196836,-0.008907841043595655,[0.86033129 0.13966871]
US Leading Index (MoM),5,[-0.01805502  0.03263562],0.027101870692233694,-0.005949156207917028,[0.82848575 0.17151425]
US Leading Index (MoM),15,[ 0.02486265 -0.10636725],0.21896791580189873,-0.01901623457497803,[0.82848575 0.17151425]
US Leading Index (MoM),30,[-0.05269882 -0.5218296 ],0.1546283012792468,-0.04727749489079125,[0.82848575 0.17151425]
US Leading Index (MoM),60,[-0.06714719 -0.66495303],0.10903552816246662,-0.038416459923754864,[0.82848575 0.17151425]
Unemployment Rate,5,[-0.03362494 -0.07293756],-0.11106643366189306,0.02873814835179822,[0.95829886 0.04170114]
Unemployment Rate,15,[ 0.00308584 -0.0663514 ],0.006780194980258131,-0.001970632049832499,[0.95829886 0.04170114]
Unemployment Rate,30,[-0.03309942 -0.47332713],-0.07044752971869223,0.026252577828791868,[0.95829886 0.04170114]
Unemployment Rate,60,[-0.01730201  0.08599705],-0.07975085172480989,-0.0022774614697484985,[0.95829886 0.04170114]
Unit Labor Costs,5,[-0.05979426  0.00344689],0.002820245708107587,-0.05784095089629604,[0.57468015 0.42531985]
Unit Labor Costs,15,[-0.08369263 -0.06720766],-0.044460170425369316,0.18212812490424535,[0.57468015 0.42531985]
Unit Labor Costs,30,[-0.11898614  0.05965414],-0.05011916409256011,-0.9646683924356481,[0.57468015 0.42531985]
Unit Labor Costs,60,[-0.23945169  0.04288932],0.01838863197855045,-0.17489523261127138,[0.57468015 0.42531985]
Wholesale Inventories (MoM),5,[ 0.0426246  -0.00554217],0.04144695098854637,-0.027988688054946698,[0.85121477 0.14878523]
Wholesale Inventories (MoM),15,[0.02130003 0.0565291 ],0.010243782661584877,-0.009710279673529332,[0.85121477 0.14878523]
Wholesale Inventories (MoM),30,[-0.02436932 -0.1815946 ],0.17587668786787913,-0.008719263986368908,[0.85121477 0.14878523]
Wholesale Inventories (MoM),60,[ 0.04368632 -0.43443809],0.20032612724386195,0.04943613692479176,[0.85121477 0.14878523]
Wholesale Trade Sales (MoM),5,[0.07170213 0.01375064],0.005881617481918727,-0.5110071219564174,[0.80472043 0.19527957]
Wholesale Trade Sales (MoM),15,[0.07628078 0.08066208],0.04547597398343849,-0.44624707218115645,[0.80472043 0.19527957]
Wholesale Trade Sales (MoM),30,[0.00344332 0.07501751],0.3031677194824357,-0.033358067414906545,[0.80472043 0.19527957]
Wholesale Trade Sales (MoM),60,[ 0.02927454 -0.02108247],0.4109691671843278,-0.004265102618954186,[0.80472043 0.19527957]
